obs,wage,female,nonwhite,union,education,exper,age,wind,femalenonw,lnwage,education_exper,_Ifemale_1,_IfemXeduca_1,_IfemXexper_1,_Inonwhite_1,_InonXeduca_1
1,11.55000019,1,0,0,12,20,38,1,0,2.446685553,240,1,12,20,0,0
2,5,0,0,0,9,9,24,0,0,1.609437943,81,0,0,0,0,0
3,12,0,0,0,16,15,37,1,0,2.484906673,240,0,0,0,0,0
4,7,0,1,1,14,38,58,0,0,1.945910096,532,0,0,0,1,14
5,21.14999962,1,1,0,16,19,41,1,1,3.051639795,304,1,16,19,1,16
6,6.920000076,1,0,0,12,4,22,1,0,1.934415817,48,1,12,4,0,0
7,10,1,0,0,12,14,32,0,0,2.302585125,168,1,12,14,0,0
8,8,1,1,0,12,32,50,0,1,2.079441547,384,1,12,32,1,12
9,15.63000011,0,0,0,18,7,31,1,0,2.749192238,126,0,0,0,0,0
10,18.21999931,1,0,0,18,5,29,1,0,2.902519941,90,1,18,5,0,0
11,20,0,0,0,20,31,57,1,0,2.995732307,620,0,0,0,0,0
12,4.349999905,1,0,0,12,7,25,0,0,1.470175862,84,1,12,7,0,0
13,5,0,0,0,5,31,42,0,0,1.609437943,155,0,0,0,0,0
14,8.25,0,1,0,12,14,32,0,0,2.11021328,168,0,0,0,1,12
15,15,0,0,1,12,15,33,0,0,2.708050251,180,0,0,0,0,0
16,19,1,1,1,14,26,46,0,1,2.944438934,364,1,14,26,1,14
17,18,0,1,1,14,23,43,0,0,2.890371799,322,0,0,0,1,14
18,7.070000172,0,0,1,16,4,26,0,0,1.955860496,64,0,0,0,0,0
19,8,0,0,0,14,16,36,0,0,2.079441547,224,0,0,0,0,0
20,25,0,0,0,14,27,47,1,0,3.218875885,378,0,0,0,0,0
21,17.29999924,1,0,0,12,44,62,1,0,2.850706339,528,1,12,44,0,0
22,16,1,0,0,12,38,56,0,0,2.77258873,456,1,12,38,0,0
23,5,1,0,0,12,19,37,0,0,1.609437943,228,1,12,19,0,0
24,8.25,0,0,0,12,13,31,0,0,2.11021328,156,0,0,0,0,0
25,8,1,0,1,12,14,32,0,0,2.079441547,168,1,12,14,0,0
26,13.68999958,1,1,0,12,20,38,0,1,2.616665602,240,1,12,20,1,12
27,19.89999962,0,0,0,12,26,44,1,0,2.990719795,312,0,0,0,0,0
28,22,1,1,1,12,17,35,0,1,3.091042519,204,1,12,17,1,12
29,6.5,1,0,0,12,1,19,0,0,1.871802211,12,1,12,1,0,0
30,12,1,1,0,12,19,37,0,1,2.484906673,228,1,12,19,1,12
31,13.39000034,0,0,0,12,34,52,0,0,2.594508171,408,0,0,0,0,0
32,36.84999847,0,0,0,20,21,47,1,0,3.606855631,420,0,0,0,0,0
33,27.46999931,0,0,0,16,25,47,0,0,3.313094378,400,0,0,0,0,0
34,6,0,1,0,12,2,20,0,0,1.791759491,24,0,0,0,1,12
35,21.54000092,1,0,1,18,19,43,1,0,3.069911718,342,1,18,19,0,0
36,12.43000031,0,0,0,12,7,25,1,0,2.520112991,84,0,0,0,0,0
37,19.70000076,0,0,0,12,33,51,1,0,2.980618715,396,0,0,0,0,0
38,7.5,1,0,0,12,11,29,1,0,2.014903069,132,1,12,11,0,0
39,25.95000076,0,0,0,18,12,36,1,0,3.256171703,216,0,0,0,0,0
40,25.95000076,1,0,0,16,13,35,1,0,3.256171703,208,1,16,13,0,0
41,11.52999973,1,0,0,18,29,53,1,0,2.44495225,522,1,18,29,0,0
42,5.5,1,0,0,12,2,20,0,0,1.704748034,24,1,12,2,0,0
43,9.619999886,0,0,0,12,10,28,1,0,2.263844252,120,0,0,0,0,0
44,5.25,1,1,0,12,3,21,0,1,1.65822804,36,1,12,3,1,12
45,11.5,0,0,0,12,9,27,0,0,2.44234705,108,0,0,0,0,0
46,17,0,0,0,16,30,52,0,0,2.833213329,480,0,0,0,0,0
47,11,0,0,1,12,30,48,0,0,2.397895336,360,0,0,0,0,0
48,13,1,0,0,12,29,47,0,0,2.564949274,348,1,12,29,0,0
49,7.320000172,0,0,0,12,2,20,0,0,1.990610361,24,0,0,0,0,0
50,5.5,0,0,0,12,6,24,0,0,1.704748034,72,0,0,0,0,0
51,11.52000046,0,0,0,12,33,51,1,0,2.444084644,396,0,0,0,0,0
52,15,0,0,0,12,37,55,1,0,2.708050251,444,0,0,0,0,0
53,13.5,0,0,1,12,16,34,0,0,2.602689743,192,0,0,0,0,0
54,6.75,1,0,0,11,12,29,0,0,1.909542561,132,1,11,12,0,0
55,12.5,0,0,0,12,12,30,1,0,2.525728703,144,0,0,0,0,0
56,7.099999905,0,0,0,9,28,43,0,0,1.96009481,252,0,0,0,0,0
57,6,0,1,0,11,35,52,0,0,1.791759491,385,0,0,0,1,11
58,14.43000031,0,0,0,16,9,31,1,0,2.669309378,144,0,0,0,0,0
59,13.77999973,1,0,0,16,2,24,1,0,2.623218298,32,1,16,2,0,0
60,5,1,1,0,12,7,25,0,1,1.609437943,84,1,12,7,1,12
61,4.489999771,1,1,1,10,31,47,0,1,1.501852632,310,1,10,31,1,10
62,10,0,0,0,5,42,53,0,0,2.302585125,210,0,0,0,0,0
63,5,1,0,0,12,37,55,0,0,1.609437943,444,1,12,37,0,0
64,17.68000031,1,0,1,16,33,55,1,0,2.872434139,528,1,16,33,0,0
65,4.380000114,1,1,0,12,23,41,1,1,1.477048755,276,1,12,23,1,12
66,6.880000114,1,0,0,12,12,30,1,0,1.92861867,144,1,12,12,0,0
67,12.5,1,0,0,12,25,43,0,0,2.525728703,300,1,12,25,0,0
68,13.89999962,1,0,0,16,8,30,1,0,2.631888866,128,1,16,8,0,0
69,7,0,0,0,12,41,59,0,0,1.945910096,492,0,0,0,0,0
70,12,0,0,1,11,32,49,0,0,2.484906673,352,0,0,0,0,0
71,9,0,0,0,12,15,33,0,0,2.197224617,180,0,0,0,0,0
72,6.5,0,0,0,11,6,23,0,0,1.871802211,66,0,0,0,0,0
73,16,0,0,1,12,42,60,0,0,2.77258873,504,0,0,0,0,0
74,2.130000114,1,0,0,12,12,30,0,0,0.756122053,144,1,12,12,0,0
75,9.619999886,0,1,0,12,21,39,1,0,2.263844252,252,0,0,0,1,12
76,20.20000076,1,0,0,18,21,45,1,0,3.005682707,378,1,18,21,0,0
77,14.43000031,1,0,0,20,2,28,1,0,2.669309378,40,1,20,2,0,0
78,35.83000183,0,0,0,20,20,46,1,0,3.578785658,400,0,0,0,0,0
79,16.67000008,1,0,0,14,11,31,0,0,2.813610792,154,1,14,11,0,0
80,23.07999992,0,0,1,18,25,49,1,0,3.138966322,450,0,0,0,0,0
81,4.25,0,0,0,14,7,27,0,0,1.446918964,98,0,0,0,0,0
82,5.5,1,0,0,12,25,43,0,0,1.704748034,300,1,12,25,0,0
83,15.59000015,0,0,0,12,36,54,0,0,2.746629715,432,0,0,0,0,0
84,6.940000057,1,1,0,14,26,46,1,1,1.937301755,364,1,14,26,1,14
85,25,1,0,0,14,30,50,0,0,3.218875885,420,1,14,30,0,0
86,5,0,0,0,12,3,21,0,0,1.609437943,36,0,0,0,0,0
87,15.68000031,1,0,1,16,21,43,1,0,2.752386093,336,1,16,21,0,0
88,9.529999733,1,1,0,12,19,37,1,1,2.254444599,228,1,12,19,1,12
89,11,0,0,0,12,7,25,0,0,2.397895336,84,0,0,0,0,0
90,4.25,1,0,0,12,0,18,0,0,1.446918964,0,1,12,0,0,0
91,4,1,1,0,12,34,52,0,1,1.386294365,408,1,12,34,1,12
92,8.25,0,0,0,12,15,33,0,0,2.11021328,180,0,0,0,0,0
93,22,0,0,1,12,15,33,0,0,3.091042519,180,0,0,0,0,0
94,5.150000095,1,0,0,12,1,19,0,0,1.63899672,12,1,12,1,0,0
95,4.699999809,0,0,0,16,1,23,0,0,1.54756248,16,0,0,0,0,0
96,8,0,0,0,1,26,33,0,0,2.079441547,26,0,0,0,0,0
97,12,0,1,1,11,32,49,0,0,2.484906673,352,0,0,0,1,11
98,2,1,0,0,5,14,25,1,0,0.693147182,70,1,5,14,0,0
99,5,0,0,0,9,12,27,1,0,1.609437943,108,0,0,0,0,0
100,7,0,0,0,12,3,21,0,0,1.945910096,36,0,0,0,0,0
101,12,0,0,1,5,30,41,0,0,2.484906673,150,0,0,0,0,0
102,17.48999977,0,0,0,12,14,32,1,0,2.861629248,168,0,0,0,0,0
103,6.75,0,1,0,10,9,25,1,0,1.909542561,90,0,0,0,1,10
104,6.5,1,1,0,14,5,25,0,1,1.871802211,70,1,14,5,1,14
105,4.5,1,0,0,1,26,33,0,0,1.504077435,26,1,1,26,0,0
106,8.649999619,1,1,0,16,18,40,1,1,2.157559395,288,1,16,18,1,16
107,10,0,0,0,9,8,23,0,0,2.302585125,72,0,0,0,0,0
108,5.5,1,0,0,1,20,27,0,0,1.704748034,20,1,1,20,0,0
109,7.5,0,0,0,12,2,20,0,0,2.014903069,24,0,0,0,0,0
110,3.569999933,1,0,0,16,1,23,1,0,1.272565603,16,1,16,1,0,0
111,18.25,1,1,1,16,21,43,1,1,2.90416503,336,1,16,21,1,16
112,16,0,0,0,14,26,46,0,0,2.77258873,364,0,0,0,0,0
113,25,0,0,1,18,33,57,1,0,3.218875885,594,0,0,0,0,0
114,12,1,0,0,12,41,59,0,0,2.484906673,492,1,12,41,0,0
115,15.35000038,1,0,0,12,22,40,1,0,2.73111558,264,1,12,22,0,0
116,16.67000008,1,0,0,12,28,46,0,0,2.813610792,336,1,12,28,0,0
117,6.25,0,0,1,12,38,56,0,0,1.83258152,456,0,0,0,0,0
118,4.25,1,0,0,12,37,55,0,0,1.446918964,444,1,12,37,0,0
119,17.29999924,0,0,0,16,15,37,1,0,2.850706339,240,0,0,0,0,0
120,20.82999992,0,0,1,12,38,56,1,0,3.036394358,456,0,0,0,0,0
121,18.45999908,0,0,1,16,30,52,1,0,2.91560626,480,0,0,0,0,0
122,10,0,0,0,10,2,18,0,0,2.302585125,20,0,0,0,0,0
123,11.55000019,0,0,0,12,15,33,1,0,2.446685553,180,0,0,0,0,0
124,11,1,0,0,14,7,27,0,0,2.397895336,98,1,14,7,0,0
125,15.89000034,1,0,0,16,24,46,1,0,2.765690088,384,1,16,24,0,0
126,23.07999992,0,1,0,16,14,36,1,0,3.138966322,224,0,0,0,1,16
127,4.25,1,0,0,5,22,33,0,0,1.446918964,110,1,5,22,0,0
128,5,0,0,0,7,7,20,0,0,1.609437943,49,0,0,0,0,0
129,17.45000076,1,0,0,12,23,41,1,0,2.859339714,276,1,12,23,0,0
130,12.81999969,1,0,0,16,25,47,1,0,2.551006317,400,1,16,25,0,0
131,6.800000191,0,1,0,12,2,20,0,0,1.916922688,24,0,0,0,1,12
132,4.25,1,0,0,10,5,21,0,0,1.446918964,50,1,10,5,0,0
133,8.649999619,1,1,0,12,38,56,1,1,2.157559395,456,1,12,38,1,12
134,8,1,0,1,12,36,54,0,0,2.079441547,432,1,12,36,0,0
135,13.25,1,0,0,14,25,45,0,0,2.583997488,350,1,14,25,0,0
136,6.75,0,0,0,12,17,35,0,0,1.909542561,204,0,0,0,0,0
137,5.5,1,0,0,1,24,31,0,0,1.704748034,24,1,1,24,0,0
138,7.5,0,0,0,12,19,37,1,0,2.014903069,228,0,0,0,0,0
139,9.25,1,0,0,16,21,43,1,0,2.224623442,336,1,16,21,0,0
140,29.12000084,0,0,0,16,22,44,1,0,3.371425152,352,0,0,0,0,0
141,24.75,0,0,0,16,19,41,1,0,3.208825588,304,0,0,0,0,0
142,8.960000038,1,0,1,12,41,59,0,0,2.192770243,492,1,12,41,0,0
143,8,0,0,0,12,6,24,0,0,2.079441547,72,0,0,0,0,0
144,7,1,0,0,12,1,19,0,0,1.945910096,12,1,12,1,0,0
145,17.29999924,1,0,1,16,37,59,1,0,2.850706339,592,1,16,37,0,0
146,12.02999973,0,0,0,12,10,28,1,0,2.487403393,120,0,0,0,0,0
147,9,0,1,1,16,4,26,0,0,2.197224617,64,0,0,0,1,16
148,5.5,0,0,0,12,0,18,0,0,1.704748034,0,0,0,0,0,0
149,4.449999809,1,0,0,11,1,18,0,0,1.492904067,11,1,11,1,0,0
150,6.059999943,1,0,1,12,1,19,1,0,1.801709771,12,1,12,1,0,0
151,21.62999916,0,0,0,16,12,34,1,0,3.074081182,192,0,0,0,0,0
152,5.829999924,0,0,0,12,2,20,1,0,1.763016939,24,0,0,0,0,0
153,43.25,0,0,0,18,13,37,1,0,3.766997337,234,0,0,0,0,0
154,37.5,0,0,0,12,22,40,1,0,3.624341011,264,0,0,0,0,0
155,8.18999958,0,0,0,12,13,31,0,0,2.102913857,156,0,0,0,0,0
156,21.62999916,0,0,0,16,12,34,1,0,3.074081182,192,0,0,0,0,0
157,6,1,0,0,12,17,35,0,0,1.791759491,204,1,12,17,0,0
158,9.75,1,0,0,16,7,29,0,0,2.277267218,112,1,16,7,0,0
159,8.649999619,1,0,0,16,10,32,1,0,2.157559395,160,1,16,10,0,0
160,7,1,0,0,12,24,42,0,0,1.945910096,288,1,12,24,0,0
161,6,0,0,0,7,24,37,0,0,1.791759491,168,0,0,0,0,0
162,10,1,0,1,12,7,25,0,0,2.302585125,84,1,12,7,0,0
163,12.5,1,0,0,12,13,31,0,0,2.525728703,156,1,12,13,0,0
164,25.47999954,1,0,1,18,30,54,1,0,3.23789382,540,1,18,30,0,0
165,5,1,0,0,12,4,22,0,0,1.609437943,48,1,12,4,0,0
166,14.43000031,1,1,0,16,5,27,1,1,2.669309378,80,1,16,5,1,16
167,24.46999931,1,0,0,16,33,55,1,0,3.197447777,528,1,16,33,0,0
168,28.85000038,0,0,1,20,23,49,1,0,3.3621099,460,0,0,0,0,0
169,42.72999954,0,0,0,20,13,39,1,0,3.754901171,260,0,0,0,0,0
170,7,0,1,0,16,15,37,0,0,1.945910096,240,0,0,0,1,16
171,9,1,1,0,16,23,45,0,1,2.197224617,368,1,16,23,1,16
172,7,0,1,0,12,3,21,0,0,1.945910096,36,0,0,0,1,12
173,18,0,0,0,12,22,40,0,0,2.890371799,264,0,0,0,0,0
174,18,0,0,0,12,22,40,0,0,2.890371799,264,0,0,0,0,0
175,13.55000019,1,0,1,16,24,46,1,0,2.606386662,384,1,16,24,0,0
176,9.300000191,1,0,0,12,20,38,0,0,2.230014324,240,1,12,20,0,0
177,14.23999977,0,0,0,16,17,39,1,0,2.656054974,272,0,0,0,0,0
178,18,1,0,0,18,9,33,0,0,2.890371799,162,1,18,9,0,0
179,9.090000153,1,0,0,12,16,34,1,0,2.207175016,192,1,12,16,0,0
180,17.63999939,1,0,0,12,13,31,1,0,2.870168924,156,1,12,13,0,0
181,11.52999973,1,0,0,16,14,36,1,0,2.44495225,224,1,16,14,0,0
182,19.14999962,0,0,1,14,11,31,0,0,2.952302694,154,0,0,0,0,0
183,12.19999981,1,0,0,12,15,33,0,0,2.501435995,180,1,12,15,0,0
184,14.43999958,0,0,0,12,7,25,1,0,2.670002222,84,0,0,0,0,0
185,15,1,0,0,16,29,51,0,0,2.708050251,464,1,16,29,0,0
186,9.539999962,1,0,0,12,27,45,0,0,2.255493402,324,1,12,27,0,0
187,17.45000076,0,0,0,12,23,41,0,0,2.859339714,276,0,0,0,0,0
188,24,1,0,0,14,16,36,0,0,3.178053856,224,1,14,16,0,0
189,14.43000031,0,0,0,18,8,32,1,0,2.669309378,144,0,0,0,0,0
190,16.35000038,0,0,0,16,8,30,1,0,2.794227839,128,0,0,0,0,0
191,5,1,0,0,12,6,24,0,0,1.609437943,72,1,12,6,0,0
192,18.70000076,1,0,0,16,11,33,0,0,2.92852354,176,1,16,11,0,0
193,8,0,0,0,12,47,65,0,0,2.079441547,564,0,0,0,0,0
194,18.75,0,0,1,12,16,34,0,0,2.931193829,192,0,0,0,0,0
195,5.5,1,0,0,12,1,19,0,0,1.704748034,12,1,12,1,0,0
196,4.920000076,1,0,0,12,40,58,1,0,1.593308568,480,1,12,40,0,0
197,7,1,0,0,16,1,23,0,0,1.945910096,16,1,16,1,0,0
198,4.5,0,0,0,12,4,22,0,0,1.504077435,48,0,0,0,0,0
199,8.199999809,1,0,0,12,33,51,0,0,2.104134083,396,1,12,33,0,0
200,17.25,0,0,0,12,27,45,0,0,2.847812176,324,0,0,0,0,0
201,12.02999973,1,0,0,12,12,30,1,0,2.487403393,144,1,12,12,0,0
202,18.20000076,1,0,0,12,18,36,0,0,2.901421547,216,1,12,18,0,0
203,2.859999895,1,0,0,12,13,31,1,0,1.050821543,156,1,12,13,0,0
204,12,0,0,0,7,29,42,0,0,2.484906673,203,0,0,0,0,0
205,14.69999981,1,0,0,14,22,42,1,0,2.687847376,308,1,14,22,0,0
206,24,0,0,1,12,33,51,0,0,3.178053856,396,0,0,0,0,0
207,14.42000008,1,0,0,14,13,33,0,0,2.668616056,182,1,14,13,0,0
208,9,1,0,1,12,24,42,0,0,2.197224617,288,1,12,24,0,0
209,19.71999931,0,0,0,16,23,45,0,0,2.981633425,368,0,0,0,0,0
210,8,1,0,0,18,13,37,0,0,2.079441547,234,1,18,13,0,0
211,12,0,0,0,12,9,27,0,0,2.484906673,108,0,0,0,0,0
212,13.15999985,1,0,0,12,4,22,1,0,2.577181816,48,1,12,4,0,0
213,11.25,0,0,0,12,12,30,1,0,2.420368195,144,0,0,0,0,0
214,18,0,0,1,12,18,36,0,0,2.890371799,216,0,0,0,0,0
215,13.5,0,0,0,16,3,25,0,0,2.602689743,48,0,0,0,0,0
216,8.75,0,0,0,12,6,24,0,0,2.169053793,72,0,0,0,0,0
217,12.72000027,0,0,0,16,18,40,0,0,2.543175697,288,0,0,0,0,0
218,11.31000042,1,0,0,14,10,30,0,0,2.425687313,140,1,14,10,0,0
219,6,1,0,0,12,0,18,0,0,1.791759491,0,1,12,0,0,0
220,9,0,0,0,12,7,25,0,0,2.197224617,84,0,0,0,0,0
221,21.46999931,0,0,0,16,8,30,1,0,3.06665659,128,0,0,0,0,0
222,5,0,1,0,12,12,30,0,0,1.609437943,144,0,0,0,1,12
223,12.5,1,1,0,12,42,60,1,1,2.525728703,504,1,12,42,1,12
224,25.47999954,1,1,0,20,27,53,1,1,3.23789382,540,1,20,27,1,20
225,14.40999985,0,1,1,12,22,40,0,0,2.667922497,264,0,0,0,1,12
226,10.10000038,0,1,1,16,4,26,1,0,2.312535524,64,0,0,0,1,16
227,7.199999809,0,1,0,12,5,23,1,0,1.974081039,60,0,0,0,1,12
228,14.39999962,1,1,0,12,19,37,1,1,2.667228222,228,1,12,19,1,12
229,9.100000381,1,1,1,12,32,50,0,1,2.208274364,384,1,12,32,1,12
230,23.07999992,0,0,0,20,3,29,1,0,3.138966322,60,0,0,0,0,0
231,7,1,0,0,16,3,25,0,0,1.945910096,48,1,16,3,0,0
232,19.28000069,0,0,0,12,15,33,0,0,2.959068298,180,0,0,0,0,0
233,8.710000038,1,0,0,12,17,35,1,0,2.164471865,204,1,12,17,0,0
234,9.380000114,1,0,0,12,43,61,1,0,2.23857975,516,1,12,43,0,0
235,12,0,0,0,9,23,38,0,0,2.484906673,207,0,0,0,0,0
236,13,0,0,0,12,10,28,0,0,2.564949274,120,0,0,0,0,0
237,9.630000114,0,0,0,12,15,33,1,0,2.26488328,180,0,0,0,0,0
238,16.45000076,1,0,0,16,41,63,1,0,2.800325632,656,1,16,41,0,0
239,5,1,0,0,12,20,38,1,0,1.609437943,240,1,12,20,0,0
240,20.82999992,1,0,0,14,26,46,1,0,3.036394358,364,1,14,26,0,0
241,7,0,1,0,12,8,26,0,0,1.945910096,96,0,0,0,1,12
242,10,0,0,0,12,6,24,0,0,2.302585125,72,0,0,0,0,0
243,13,0,1,0,12,44,62,0,0,2.564949274,528,0,0,0,1,12
244,22,0,0,0,12,22,40,1,0,3.091042519,264,0,0,0,0,0
245,8,0,0,0,14,2,22,0,0,2.079441547,28,0,0,0,0,0
246,6,0,0,0,12,22,40,0,0,1.791759491,264,0,0,0,0,0
247,23.09000015,1,0,0,20,17,43,1,0,3.139399529,340,1,20,17,0,0
248,19.22999954,1,0,0,16,27,49,1,0,2.956471443,432,1,16,27,0,0
249,8,0,0,0,14,4,24,0,0,2.079441547,56,0,0,0,0,0
250,11.10999966,0,0,0,12,14,32,1,0,2.407845497,168,0,0,0,0,0
251,4.599999905,1,1,1,5,43,54,0,1,1.52605629,215,1,5,43,1,5
252,11.81999969,0,0,0,14,37,57,1,0,2.469793081,518,0,0,0,0,0
253,4.550000191,0,0,0,12,5,23,0,0,1.515127301,60,0,0,0,0,0
254,10,0,0,0,12,19,37,0,0,2.302585125,228,0,0,0,0,0
255,7.409999847,1,1,0,10,29,45,0,1,2.002830505,290,1,10,29,1,10
256,28.82999992,0,0,0,16,21,43,1,0,3.361416578,336,0,0,0,0,0
257,4.5,1,0,0,11,1,18,0,0,1.504077435,11,1,11,1,0,0
258,11,0,0,0,12,16,34,0,0,2.397895336,192,0,0,0,0,0
259,10.07999992,1,0,0,12,39,57,1,0,2.310553312,468,1,12,39,0,0
260,9.050000191,1,0,0,12,38,56,0,0,2.20276475,456,1,12,38,0,0
261,8,1,1,0,12,9,27,0,1,2.079441547,108,1,12,9,1,12
262,5.150000095,1,1,0,12,2,20,0,1,1.63899672,24,1,12,2,1,12
263,5,0,1,0,12,3,21,0,0,1.609437943,36,0,0,0,1,12
264,12.02999973,1,0,0,12,6,24,1,0,2.487403393,72,1,12,6,0,0
265,16.82999992,1,0,0,16,25,47,1,0,2.823163033,400,1,16,25,0,0
266,2.099999905,1,0,0,18,27,51,0,0,0.74193728,486,1,18,27,0,0
267,28.22999954,0,0,0,20,24,50,1,0,3.340385199,480,0,0,0,0,0
268,7,0,0,0,9,17,32,0,0,1.945910096,153,0,0,0,0,0
269,6,1,1,0,12,5,23,0,1,1.791759491,60,1,12,5,1,12
270,10.10000038,1,0,0,18,15,39,1,0,2.312535524,270,1,18,15,0,0
271,18,1,0,0,14,6,26,0,0,2.890371799,84,1,14,6,0,0
272,6.75,1,0,0,12,22,40,0,0,1.909542561,264,1,12,22,0,0
273,11.21000004,1,0,1,12,11,29,0,0,2.416806221,132,1,12,11,0,0
274,10,0,0,0,12,31,49,0,0,2.302585125,372,0,0,0,0,0
275,5,1,1,0,11,39,56,0,1,1.609437943,429,1,11,39,1,11
276,15,1,0,0,12,15,33,1,0,2.708050251,180,1,12,15,0,0
277,14.09000015,0,0,0,12,19,37,1,0,2.645465374,228,0,0,0,0,0
278,6.929999828,1,0,0,12,10,28,1,0,1.935859799,120,1,12,10,0,0
279,6.739999771,1,1,0,12,20,38,0,1,1.908059835,240,1,12,20,1,12
280,16,0,0,0,14,17,37,0,0,2.77258873,238,0,0,0,0,0
281,6.25,1,0,0,11,34,51,1,0,1.83258152,374,1,11,34,0,0
282,10,0,0,0,14,32,52,1,0,2.302585125,448,0,0,0,0,0
283,9.579999924,1,0,0,12,14,32,0,0,2.259677649,168,1,12,14,0,0
284,21.14999962,1,0,0,18,15,39,1,0,3.051639795,270,1,18,15,0,0
285,6.5,0,0,0,9,3,18,0,0,1.871802211,27,0,0,0,0,0
286,8.029999733,1,0,0,7,38,51,0,0,2.083184481,266,1,7,38,0,0
287,24.03000069,0,0,0,14,36,56,1,0,3.179303169,504,0,0,0,0,0
288,12.97999954,0,0,0,16,23,45,1,0,2.563409567,368,0,0,0,0,0
289,23.39999962,0,0,0,20,6,32,1,0,3.152735949,120,0,0,0,0,0
290,15.88000011,1,1,0,12,15,33,1,1,2.765060425,180,1,12,15,1,12
291,11.77999973,0,0,0,12,41,59,1,0,2.466403246,492,0,0,0,0,0
292,7,1,0,0,12,39,57,0,0,1.945910096,468,1,12,39,0,0
293,15.10000038,0,0,0,16,16,38,0,0,2.714694738,256,0,0,0,0,0
294,21,1,0,0,14,25,45,0,0,3.044522524,350,1,14,25,0,0
295,5.5,1,1,0,16,10,32,0,1,1.704748034,160,1,16,10,1,16
296,9.319999695,0,1,1,12,12,30,0,0,2.232162714,144,0,0,0,1,12
297,14.43000031,1,1,0,12,29,47,1,1,2.669309378,348,1,12,29,1,12
298,4,0,1,0,1,33,40,0,0,1.386294365,33,0,0,0,1,1
299,8.75,0,0,0,9,31,46,0,0,2.169053793,279,0,0,0,0,0
300,8.5,0,0,0,9,7,22,0,0,2.140066147,63,0,0,0,0,0
301,8,0,0,0,7,30,43,0,0,2.079441547,210,0,0,0,0,0
302,25,0,1,0,20,2,28,1,0,3.218875885,40,0,0,0,1,20
303,24.03000069,0,0,0,18,24,48,1,0,3.179303169,432,0,0,0,0,0
304,6,1,0,0,14,36,56,1,0,1.791759491,504,1,14,36,0,0
305,5.820000172,0,1,0,12,11,29,0,0,1.761300325,132,0,0,0,1,12
306,15,0,0,0,12,15,33,0,0,2.708050251,180,0,0,0,0,0
307,11.5,1,1,1,16,29,51,0,1,2.44234705,464,1,16,29,1,16
308,24.03000069,0,1,1,14,40,60,1,0,3.179303169,560,0,0,0,1,14
309,4.25,1,1,0,12,9,27,0,1,1.446918964,108,1,12,9,1,12
310,8.649999619,1,1,0,10,8,24,1,1,2.157559395,80,1,10,8,1,10
311,5.5,0,1,0,12,1,19,0,0,1.704748034,12,0,0,0,1,12
312,19.19000053,0,1,1,12,39,57,0,0,2.954389334,468,0,0,0,1,12
313,19.10000038,1,0,1,18,26,50,1,0,2.949688435,468,1,18,26,0,0
314,14,0,1,0,12,26,44,0,0,2.639057398,312,0,0,0,1,12
315,4.440000057,0,0,0,16,15,37,1,0,1.490654349,240,0,0,0,0,0
316,16.82999992,1,0,0,18,28,52,1,0,2.823163033,504,1,18,28,0,0
317,7,1,0,0,12,24,42,0,0,1.945910096,288,1,12,24,0,0
318,23.17000008,0,0,0,12,37,55,0,0,3.142858267,444,0,0,0,0,0
319,10.97999954,0,0,0,12,11,29,0,0,2.396075487,132,0,0,0,0,0
320,5.25,0,1,0,12,0,18,0,0,1.65822804,0,0,0,0,1,12
321,17.29999924,0,0,0,14,26,46,1,0,2.850706339,364,0,0,0,0,0
322,7.179999828,1,0,1,12,21,39,0,0,1.97129941,252,1,12,21,0,0
323,6.25,0,0,0,16,22,44,1,0,1.83258152,352,0,0,0,0,0
324,7,1,0,0,12,46,64,0,0,1.945910096,552,1,12,46,0,0
325,11.53999996,1,0,1,12,35,53,1,0,2.445819139,420,1,12,35,0,0
326,7.300000191,1,0,0,12,0,18,0,0,1.987874389,0,1,12,0,0,0
327,7,1,0,0,16,3,25,0,0,1.945910096,48,1,16,3,0,0
328,8,0,0,0,12,8,26,0,0,2.079441547,96,0,0,0,0,0
329,7,0,0,1,12,41,59,0,0,1.945910096,492,0,0,0,0,0
330,5.5,1,1,0,12,2,20,0,1,1.704748034,24,1,12,2,1,12
331,10,1,1,0,12,9,27,0,1,2.302585125,108,1,12,9,1,12
332,40,0,0,0,18,41,65,1,0,3.68887949,738,0,0,0,0,0
333,11.53999996,1,0,0,16,3,25,1,0,2.445819139,48,1,16,3,0,0
334,14.43000031,1,0,0,12,6,24,1,0,2.669309378,72,1,12,6,0,0
335,22.5,0,0,0,18,3,27,1,0,3.113515377,54,0,0,0,0,0
336,8.420000076,1,0,0,12,23,41,1,0,2.130609751,276,1,12,23,0,0
337,13.75,0,0,0,12,36,54,0,0,2.621038914,432,0,0,0,0,0
338,5.340000153,1,0,0,12,32,50,0,0,1.675225735,384,1,12,32,0,0
339,12.02999973,0,1,0,12,8,26,1,0,2.487403393,96,0,0,0,1,12
340,7,1,1,1,12,7,25,0,1,1.945910096,84,1,12,7,1,12
341,5.099999905,0,0,0,5,36,47,0,0,1.629240513,180,0,0,0,0,0
342,12.5,1,0,0,18,0,24,1,0,2.525728703,0,1,18,0,0,0
343,16,1,0,0,16,9,31,0,0,2.77258873,144,1,16,9,0,0
344,25,0,0,1,12,24,42,0,0,3.218875885,288,0,0,0,0,0
345,12.97999954,0,0,1,12,37,55,1,0,2.563409567,444,0,0,0,0,0
346,6.920000076,1,0,0,1,26,33,0,0,1.934415817,26,1,1,26,0,0
347,9.380000114,1,1,0,18,9,33,1,1,2.23857975,162,1,18,9,1,18
348,37.5,0,0,0,16,35,57,1,0,3.624341011,560,0,0,0,0,0
349,19.22999954,0,0,0,20,12,38,0,0,2.956471443,240,0,0,0,0,0
350,11.18999958,1,0,0,16,29,51,1,0,2.415020466,464,1,16,29,0,0
351,11.5,1,0,0,12,29,47,0,0,2.44234705,348,1,12,29,0,0
352,14.64000034,1,0,0,14,12,32,1,0,2.683757544,168,1,14,12,0,0
353,25,0,0,1,14,30,50,0,0,3.218875885,420,0,0,0,0,0
354,9,0,0,0,11,13,30,0,0,2.197224617,143,0,0,0,0,0
355,14.90999985,1,0,0,12,20,38,1,0,2.702032089,240,1,12,20,0,0
356,8.5,0,0,0,14,2,22,1,0,2.140066147,28,0,0,0,0,0
357,21.15999985,0,0,0,16,9,31,1,0,3.052112579,144,0,0,0,0,0
358,17.04999924,1,0,0,18,23,47,1,0,2.836150169,414,1,18,23,0,0
359,6.099999905,1,0,0,12,6,24,0,0,1.808288813,72,1,12,6,0,0
360,15.94999981,0,0,0,16,14,36,1,0,2.769458771,224,0,0,0,0,0
361,9.789999962,0,0,1,12,21,39,0,0,2.281361341,252,0,0,0,0,0
362,14.15999985,1,0,0,16,9,31,1,0,2.650421143,144,1,16,9,0,0
363,28.37999916,0,0,0,14,31,51,1,0,3.345684528,434,0,0,0,0,0
364,5.5,0,0,0,1,25,32,0,0,1.704748034,25,0,0,0,0,0
365,5,0,0,1,12,9,27,0,0,1.609437943,108,0,0,0,0,0
366,11.52999973,1,0,0,12,26,44,1,0,2.44495225,312,1,12,26,0,0
367,16,0,0,0,16,7,29,0,0,2.77258873,112,0,0,0,0,0
368,33.22000122,0,0,0,18,13,37,1,0,3.503152132,234,0,0,0,0,0
369,12,0,0,0,12,15,33,0,0,2.484906673,180,0,0,0,0,0
370,19.25,1,0,0,12,22,40,1,0,2.957510948,264,1,12,22,0,0
371,38.45000076,1,0,0,12,32,50,1,0,3.649358749,384,1,12,32,0,0
372,4.25,1,0,0,12,3,21,0,0,1.446918964,36,1,12,3,0,0
373,0.839999974,1,0,0,10,35,51,1,0,-0.174353421,350,1,10,35,0,0
374,7.059999943,1,1,0,12,12,30,0,1,1.954445004,144,1,12,12,1,12
375,4.75,1,0,0,12,1,19,0,0,1.558144569,12,1,12,1,0,0
376,4,0,1,0,12,7,25,0,0,1.386294365,84,0,0,0,1,12
377,15,1,0,0,11,38,55,1,0,2.708050251,418,1,11,38,0,0
378,23.07999992,0,0,0,16,8,30,1,0,3.138966322,128,0,0,0,0,0
379,17.5,1,0,0,18,38,62,0,0,2.862200975,684,1,18,38,0,0
380,13.75,1,0,0,12,14,32,1,0,2.621038914,168,1,12,14,0,0
381,5,1,0,0,12,17,35,0,0,1.609437943,204,1,12,17,0,0
382,8,0,0,0,11,5,22,0,0,2.079441547,55,0,0,0,0,0
383,10,1,0,0,12,9,27,0,0,2.302585125,108,1,12,9,0,0
384,21.02000046,0,0,0,16,9,31,1,0,3.045474291,144,0,0,0,0,0
385,6.039999962,1,0,0,12,21,39,0,0,1.798403978,252,1,12,21,0,0
386,7,1,0,0,12,8,26,0,0,1.945910096,96,1,12,8,0,0
387,4.25,0,1,0,12,3,21,0,0,1.446918964,36,0,0,0,1,12
388,11,1,0,1,12,23,41,0,0,2.397895336,276,1,12,23,0,0
389,4.5,0,0,0,9,23,38,0,0,1.504077435,207,0,0,0,0,0
390,18,0,0,1,12,28,46,0,0,2.890371799,336,0,0,0,0,0
391,9,0,0,0,12,6,24,0,0,2.197224617,72,0,0,0,0,0
392,12,1,0,0,14,16,36,0,0,2.484906673,224,1,14,16,0,0
393,17.86000061,0,0,1,16,22,44,1,0,2.882563591,352,0,0,0,0,0
394,26.92000008,0,0,0,16,31,53,1,0,3.292869568,496,0,0,0,0,0
395,16.25,1,0,0,16,13,35,0,0,2.788092852,208,1,16,13,0,0
396,8.75,0,0,0,12,17,35,1,0,2.169053793,204,0,0,0,0,0
397,14.47999954,1,0,0,18,12,36,1,0,2.672768354,216,1,18,12,0,0
398,24.04999924,0,0,1,14,26,46,1,0,3.180135012,364,0,0,0,0,0
399,3.849999905,0,0,0,12,18,36,1,0,1.348073125,216,0,0,0,0,0
400,27.87999916,0,0,0,16,27,49,1,0,3.32790947,432,0,0,0,0,0
401,5,1,0,0,12,43,61,0,0,1.609437943,516,1,12,43,0,0
402,16.5,0,0,0,16,12,34,1,0,2.803360462,192,0,0,0,0,0
403,7.210000038,1,0,0,12,33,51,0,0,1.975468993,396,1,12,33,0,0
404,13.44999981,1,0,0,12,38,56,1,0,2.598978996,456,1,12,38,0,0
405,10.05000019,0,0,0,11,22,39,0,0,2.307572603,242,0,0,0,0,0
406,4.25,1,0,0,12,5,23,0,0,1.446918964,60,1,12,5,0,0
407,6.75,1,0,0,12,22,40,0,0,1.909542561,264,1,12,22,0,0
408,15,0,0,1,20,16,42,1,0,2.708050251,320,0,0,0,0,0
409,7.5,1,0,0,18,19,43,0,0,2.014903069,342,1,18,19,0,0
410,8.5,0,0,0,14,6,26,0,0,2.140066147,84,0,0,0,0,0
411,7.210000038,1,0,0,12,20,38,0,0,1.975468993,240,1,12,20,0,0
412,9.020000458,0,0,0,12,25,43,0,0,2.199444294,300,0,0,0,0,0
413,5,1,0,0,12,9,27,0,0,1.609437943,108,1,12,9,0,0
414,5.349999905,1,0,0,14,8,28,0,0,1.677096486,112,1,14,8,0,0
415,6,0,0,0,12,4,22,0,0,1.791759491,48,0,0,0,0,0
416,9,1,0,0,12,29,47,0,0,2.197224617,348,1,12,29,0,0
417,2.299999952,1,0,0,12,5,23,0,0,0.832909107,60,1,12,5,0,0
418,5,1,0,0,12,3,21,0,0,1.609437943,36,1,12,3,0,0
419,11.35000038,1,0,0,7,35,48,0,0,2.429217815,245,1,7,35,0,0
420,5,0,0,0,12,2,20,0,0,1.609437943,24,0,0,0,0,0
421,8,0,0,0,12,5,23,0,0,2.079441547,60,0,0,0,0,0
422,7.989999771,0,0,0,12,20,38,1,0,2.078190804,240,0,0,0,0,0
423,14,1,0,1,12,24,42,0,0,2.639057398,288,1,12,24,0,0
424,10.57999992,1,0,0,14,3,23,1,0,2.358965397,42,1,14,3,0,0
425,15.38000011,0,0,0,11,24,41,1,0,2.733067989,264,0,0,0,0,0
426,15,0,0,0,16,8,30,1,0,2.708050251,128,0,0,0,0,0
427,13,1,0,0,14,32,52,0,0,2.564949274,448,1,14,32,0,0
428,4.440000057,0,1,0,12,6,24,1,0,1.490654349,72,0,0,0,1,12
429,15.43000031,1,1,0,12,31,49,1,1,2.736313581,372,1,12,31,1,12
430,9,0,0,0,12,4,22,0,0,2.197224617,48,0,0,0,0,0
431,14.18000031,1,0,0,12,39,57,1,0,2.651832581,468,1,12,39,0,0
432,14.96000004,0,0,0,16,9,31,1,0,2.705379963,144,0,0,0,0,0
433,30.78000069,0,0,0,20,27,53,1,0,3.426865101,540,0,0,0,0,0
434,17,0,0,0,12,24,42,0,0,2.833213329,288,0,0,0,0,0
435,8.5,1,0,0,14,13,33,0,0,2.140066147,182,1,14,13,0,0
436,6.75,1,0,0,16,6,28,1,0,1.909542561,96,1,16,6,0,0
437,12.5,0,0,0,12,10,28,0,0,2.525728703,120,0,0,0,0,0
438,22.29999924,0,0,0,16,20,42,1,0,3.104586601,320,0,0,0,0,0
439,5,0,0,0,16,21,43,0,0,1.609437943,336,0,0,0,0,0
440,4.900000095,0,0,0,12,3,21,0,0,1.589235187,36,0,0,0,0,0
441,13.75,0,0,1,12,40,58,1,0,2.621038914,480,0,0,0,0,0
442,8.600000381,1,1,0,12,17,35,0,1,2.151762247,204,1,12,17,1,12
443,6.519999981,0,0,0,12,46,64,0,0,1.874874353,552,0,0,0,0,0
444,4.800000191,1,0,0,12,15,33,1,0,1.568615913,180,1,12,15,0,0
445,16,0,0,1,12,28,46,0,0,2.77258873,336,0,0,0,0,0
446,5,0,0,0,11,1,18,0,0,1.609437943,11,0,0,0,0,0
447,5.75,0,0,0,12,3,21,0,0,1.749199867,36,0,0,0,0,0
448,7,1,1,0,12,25,43,0,1,1.945910096,300,1,12,25,1,12
449,8.850000381,1,1,0,12,15,33,0,1,2.180417538,180,1,12,15,1,12
450,18.87000084,0,0,0,14,14,34,1,0,2.937573433,196,0,0,0,0,0
451,30.75,0,0,0,18,27,51,1,0,3.425889969,486,0,0,0,0,0
452,5.300000191,1,0,0,12,15,33,0,0,1.667706847,180,1,12,15,0,0
453,28.82999992,1,0,0,14,20,40,1,0,3.361416578,280,1,14,20,0,0
454,4.329999924,1,0,0,11,26,43,1,0,1.46556747,286,1,11,26,0,0
455,6.039999962,0,0,0,12,34,52,1,0,1.798403978,408,0,0,0,0,0
456,18.69000053,0,0,1,16,9,31,0,0,2.927988768,144,0,0,0,0,0
457,13.5,1,0,0,12,36,54,0,0,2.602689743,432,1,12,36,0,0
458,17.88999939,1,0,1,12,24,42,0,0,2.884241819,288,1,12,24,0,0
459,13.75,1,0,0,16,9,31,1,0,2.621038914,144,1,16,9,0,0
460,7.199999809,1,0,0,12,11,29,0,0,1.974081039,132,1,12,11,0,0
461,7,1,0,0,12,1,19,0,0,1.945910096,12,1,12,1,0,0
462,5,1,0,0,12,10,28,0,0,1.609437943,120,1,12,10,0,0
463,17,1,0,0,12,38,56,0,0,2.833213329,456,1,12,38,0,0
464,10,0,0,1,12,9,27,0,0,2.302585125,108,0,0,0,0,0
465,28.85000038,0,1,0,12,20,38,1,0,3.3621099,240,0,0,0,1,12
466,13.5,1,0,0,16,2,24,1,0,2.602689743,32,1,16,2,0,0
467,7,1,0,0,16,11,33,0,0,1.945910096,176,1,16,11,0,0
468,13.43999958,1,1,1,12,16,34,0,1,2.598235369,192,1,12,16,1,12
469,6,1,1,0,12,4,22,0,1,1.791759491,48,1,12,4,1,12
470,9,0,0,1,12,0,18,0,0,2.197224617,0,0,0,0,0,0
471,10.10000038,0,1,0,12,11,29,0,0,2.312535524,132,0,0,0,1,12
472,16.82999992,0,1,0,12,27,45,1,0,2.823163033,324,0,0,0,1,12
473,20.20000076,1,0,0,12,15,33,1,0,3.005682707,180,1,12,15,0,0
474,8,1,0,0,12,41,59,0,0,2.079441547,492,1,12,41,0,0
475,12.13000011,1,0,0,12,23,41,1,0,2.495681763,276,1,12,23,0,0
476,3,1,0,0,16,2,24,0,0,1.098612309,32,1,16,2,0,0
477,4.349999905,1,0,0,12,18,36,0,0,1.470175862,216,1,12,18,0,0
478,15.06000042,1,0,1,16,28,50,0,0,2.712042332,448,1,16,28,0,0
479,5.25,1,0,0,16,5,27,0,0,1.65822804,80,1,16,5,0,0
480,21.14999962,1,0,0,12,17,35,1,0,3.051639795,204,1,12,17,0,0
481,16.82999992,0,0,0,12,40,58,1,0,2.823163033,480,0,0,0,0,0
482,8.75,1,0,0,9,48,63,0,0,2.169053793,432,1,9,48,0,0
483,9.470000267,1,0,0,12,24,42,1,0,2.248128891,288,1,12,24,0,0
484,9.050000191,1,0,0,12,27,45,0,0,2.20276475,324,1,12,27,0,0
485,11.52999973,0,0,0,12,14,32,1,0,2.44495225,168,0,0,0,0,0
486,13,1,0,0,12,38,56,0,0,2.564949274,456,1,12,38,0,0
487,5,1,0,0,16,6,28,0,0,1.609437943,96,1,16,6,0,0
488,11,0,0,0,12,29,47,0,0,2.397895336,348,0,0,0,0,0
489,10.67000008,1,0,0,12,21,39,1,0,2.367436171,252,1,12,21,0,0
490,9.5,0,0,0,12,6,24,0,0,2.251291752,72,0,0,0,0,0
491,17.78000069,0,0,0,12,18,36,1,0,2.878074169,216,0,0,0,0,0
492,26.93000031,1,0,0,16,13,35,1,0,3.293241024,208,1,16,13,0,0
493,10,1,0,0,12,41,59,0,0,2.302585125,492,1,12,41,0,0
494,28.35000038,0,0,0,16,34,56,1,0,3.344627142,544,0,0,0,0,0
495,8,0,0,0,7,30,43,0,0,2.079441547,210,0,0,0,0,0
496,20.68000031,1,0,1,18,20,44,1,0,3.029167175,360,1,18,20,0,0
497,21.62999916,1,0,0,16,11,33,1,0,3.074081182,176,1,16,11,0,0
498,16.29999924,0,0,1,12,21,39,0,0,2.791165113,252,0,0,0,0,0
499,19.94000053,1,0,0,18,34,58,0,0,2.992727757,612,1,18,34,0,0
500,11.25,1,0,1,11,40,57,1,0,2.420368195,440,1,11,40,0,0
501,11.72999954,0,0,0,16,22,44,0,0,2.46214962,352,0,0,0,0,0
502,12,1,0,0,14,20,40,0,0,2.484906673,280,1,14,20,0,0
503,18.15999985,1,0,1,14,32,52,1,0,2.89922142,448,1,14,32,0,0
504,7.150000095,0,0,0,12,1,19,0,0,1.967112422,12,0,0,0,0,0
505,38.45000076,1,0,0,18,18,42,1,0,3.649358749,324,1,18,18,0,0
506,25.43000031,1,0,0,18,17,41,1,0,3.235929489,306,1,18,17,0,0
507,18.45999908,1,0,0,18,27,51,1,0,2.91560626,486,1,18,27,0,0
508,36.04999924,0,1,0,18,9,33,1,0,3.584906816,162,0,0,0,1,18
509,7.880000114,1,0,0,20,15,41,1,0,2.064327955,300,1,20,15,0,0
510,6,1,0,1,12,5,23,0,0,1.791759491,60,1,12,5,0,0
511,38.45999908,0,0,0,16,31,53,1,0,3.649618626,496,0,0,0,0,0
512,25.88999939,1,0,0,16,12,34,1,0,3.253856659,192,1,16,12,0,0
513,48.08000183,0,0,0,16,38,60,1,0,3.872866392,608,0,0,0,0,0
514,9.5,0,0,0,12,18,36,0,0,2.251291752,216,0,0,0,0,0
515,16.60000038,1,0,0,16,16,38,1,0,2.809402704,256,1,16,16,0,0
516,6.5,1,0,0,11,21,38,0,0,1.871802211,231,1,11,21,0,0
517,8,1,0,0,12,6,24,0,0,2.079441547,72,1,12,6,0,0
518,18.75,1,0,0,12,30,48,1,0,2.931193829,360,1,12,30,0,0
519,6.5,1,0,0,10,42,58,0,0,1.871802211,420,1,10,42,0,0
520,12.5,1,0,0,16,19,41,1,0,2.525728703,304,1,16,19,0,0
521,17,0,0,1,14,27,47,0,0,2.833213329,378,0,0,0,0,0
522,5.349999905,1,0,0,12,13,31,0,0,1.677096486,156,1,12,13,0,0
523,39,0,0,0,16,25,47,0,0,3.663561583,400,0,0,0,0,0
524,12.5,0,0,1,12,26,44,1,0,2.525728703,312,0,0,0,0,0
525,10.84000015,1,0,0,12,38,56,1,0,2.383243084,456,1,12,38,0,0
526,9,1,0,0,12,31,49,0,0,2.197224617,372,1,12,31,0,0
527,8,0,0,0,12,6,24,0,0,2.079441547,72,0,0,0,0,0
528,8.5,1,0,0,16,7,29,0,0,2.140066147,112,1,16,7,0,0
529,5.75,1,1,0,16,12,34,1,1,1.749199867,192,1,16,12,1,16
530,9,1,0,0,12,26,44,0,0,2.197224617,312,1,12,26,0,0
531,8,0,0,0,9,22,37,0,0,2.079441547,198,0,0,0,0,0
532,17.29999924,0,0,1,18,22,46,1,0,2.850706339,396,0,0,0,0,0
533,5,1,0,0,12,14,32,0,0,1.609437943,168,1,12,14,0,0
534,5,0,0,0,12,35,53,0,0,1.609437943,420,0,0,0,0,0
535,21.89999962,0,0,1,14,17,37,0,0,3.086486578,238,0,0,0,0,0
536,10.05000019,1,0,1,12,23,41,0,0,2.307572603,276,1,12,23,0,0
537,17.75,0,0,0,12,21,39,0,0,2.87638545,252,0,0,0,0,0
538,4.599999905,1,0,0,12,3,21,0,0,1.52605629,36,1,12,3,0,0
539,4.25,1,0,0,12,6,24,0,0,1.446918964,72,1,12,6,0,0
540,9.340000153,0,0,1,12,29,47,0,0,2.234306335,348,0,0,0,0,0
541,8.56000042,1,0,0,12,12,30,1,0,2.14710021,144,1,12,12,0,0
542,25,0,0,0,12,6,24,0,0,3.218875885,72,0,0,0,0,0
543,7,1,0,0,12,28,46,0,0,1.945910096,336,1,12,28,0,0
544,23.95000076,0,0,1,16,40,62,1,0,3.175968409,640,0,0,0,0,0
545,4.650000095,0,0,0,12,35,53,0,0,1.536867261,420,0,0,0,0,0
546,7.150000095,0,0,0,14,4,24,0,0,1.967112422,56,0,0,0,0,0
547,9.890000343,1,0,0,12,35,53,1,0,2.291524172,420,1,12,35,0,0
548,18.64999962,1,0,1,18,15,39,1,0,2.9258461,270,1,18,15,0,0
549,11.63000011,0,0,0,12,23,41,1,0,2.453588009,276,0,0,0,0,0
550,6.599999905,0,0,0,14,10,30,1,0,1.887069583,140,0,0,0,0,0
551,10.80000019,1,0,0,12,16,34,0,0,2.379546165,192,1,12,16,0,0
552,22.63999939,0,0,0,20,14,40,1,0,3.119718313,280,0,0,0,0,0
553,6.75,1,0,0,12,34,52,0,0,1.909542561,408,1,12,34,0,0
554,8,0,1,0,12,4,22,0,0,2.079441547,48,0,0,0,1,12
555,9.609999657,1,0,0,12,12,30,0,0,2.26280427,144,1,12,12,0,0
556,4.25,1,0,0,12,12,30,0,0,1.446918964,144,1,12,12,0,0
557,8.779999733,1,0,1,12,18,36,0,0,2.172476292,216,1,12,18,0,0
558,5.579999924,1,0,0,10,10,26,0,0,1.719188809,100,1,10,10,0,0
559,7.099999905,1,0,0,12,40,58,0,0,1.96009481,480,1,12,40,0,0
560,7,1,0,1,14,13,33,0,0,1.945910096,182,1,14,13,0,0
561,9,1,0,0,18,14,38,0,0,2.197224617,252,1,18,14,0,0
562,5,0,0,0,11,1,18,0,0,1.609437943,11,0,0,0,0,0
563,18,0,0,0,12,34,52,0,0,2.890371799,408,0,0,0,0,0
564,18,0,0,1,12,23,41,0,0,2.890371799,276,0,0,0,0,0
565,16.82999992,1,0,0,12,18,36,1,0,2.823163033,216,1,12,18,0,0
566,25.63999939,0,0,0,16,29,51,1,0,3.2441535,464,0,0,0,0,0
567,9.25,1,0,0,12,39,57,0,0,2.224623442,468,1,12,39,0,0
568,19.42000008,0,0,0,16,30,52,1,0,2.966303349,480,0,0,0,0,0
569,12.72000027,0,0,0,16,14,36,0,0,2.543175697,224,0,0,0,0,0
570,18.44000053,0,0,1,12,21,39,0,0,2.914522171,252,0,0,0,0,0
571,4.860000134,0,0,1,7,52,65,0,0,1.581038475,364,0,0,0,0,0
572,12,0,0,0,12,24,42,0,0,2.484906673,288,0,0,0,0,0
573,38.45999908,0,0,0,16,23,45,1,0,3.649618626,368,0,0,0,0,0
574,8.430000305,0,1,1,12,22,40,0,0,2.131796837,264,0,0,0,1,12
575,7,1,1,1,7,21,34,0,1,1.945910096,147,1,7,21,1,7
576,14.10000038,0,1,1,16,11,33,1,0,2.646174908,176,0,0,0,1,16
577,11,0,0,0,16,24,46,0,0,2.397895336,384,0,0,0,0,0
578,26.60000038,0,0,0,12,38,56,1,0,3.280911207,456,0,0,0,0,0
579,13,1,1,0,12,16,34,0,1,2.564949274,192,1,12,16,1,12
580,15,0,0,0,12,32,50,0,0,2.708050251,384,0,0,0,0,0
581,5,1,1,0,12,7,25,0,1,1.609437943,84,1,12,7,1,12
582,7.5,0,1,1,16,25,47,0,0,2.014903069,400,0,0,0,1,16
583,19,1,1,0,12,30,48,0,1,2.944438934,360,1,12,30,1,12
584,7,1,0,0,12,13,31,0,0,1.945910096,156,1,12,13,0,0
585,16.35000038,0,0,0,18,10,34,0,0,2.794227839,180,0,0,0,0,0
586,9.680000305,1,0,0,12,17,35,0,0,2.27006197,204,1,12,17,0,0
587,9.5,1,0,0,12,43,61,0,0,2.251291752,516,1,12,43,0,0
588,35.38000107,0,0,0,16,16,38,1,0,3.566146612,256,0,0,0,0,0
589,13.64000034,0,0,0,12,17,35,1,0,2.613006592,204,0,0,0,0,0
590,16.82999992,0,1,0,12,38,56,1,0,2.823163033,456,0,0,0,1,12
591,6.190000057,0,0,0,12,22,40,0,0,1.822935104,264,0,0,0,0,0
592,27.46999931,0,0,0,16,25,47,1,0,3.313094378,400,0,0,0,0,0
593,13.10000038,1,0,1,12,34,52,0,0,2.572612286,408,1,12,34,0,0
594,10.30000019,1,0,0,12,14,32,0,0,2.332144022,168,1,12,14,0,0
595,8,0,0,0,12,4,22,0,0,2.079441547,48,0,0,0,0,0
596,7.78000021,0,0,0,12,21,39,0,0,2.051556349,252,0,0,0,0,0
597,5,1,0,0,16,1,23,0,0,1.609437943,16,1,16,1,0,0
598,30.57999992,0,0,0,16,21,43,1,0,3.42034626,336,0,0,0,0,0
599,10,0,0,1,12,32,50,0,0,2.302585125,384,0,0,0,0,0
600,16.35000038,1,0,0,20,13,39,1,0,2.794227839,260,1,20,13,0,0
601,9.5,0,0,0,12,12,30,0,0,2.251291752,144,0,0,0,0,0
602,12.11999989,1,0,0,12,40,58,0,0,2.494857073,480,1,12,40,0,0
603,17.27000046,1,0,0,16,19,41,0,0,2.84897089,304,1,16,19,0,0
604,12,1,0,1,14,8,28,0,0,2.484906673,112,1,14,8,0,0
605,5,1,1,0,12,19,37,0,1,1.609437943,228,1,12,19,1,12
606,25.47999954,0,0,0,12,16,34,1,0,3.23789382,192,0,0,0,0,0
607,5.5,1,1,0,12,13,31,0,1,1.704748034,156,1,12,13,1,12
608,32.93000031,0,1,0,20,13,39,1,0,3.49438405,260,0,0,0,1,20
609,6.400000095,1,1,0,12,6,24,1,1,1.85629797,72,1,12,6,1,12
610,20.20000076,0,0,0,12,16,34,1,0,3.005682707,192,0,0,0,0,0
611,14,0,0,0,11,29,46,0,0,2.639057398,319,0,0,0,0,0
612,6,1,0,0,12,6,24,0,0,1.791759491,72,1,12,6,0,0
613,9.630000114,1,0,0,12,16,34,1,0,2.26488328,192,1,12,16,0,0
614,9.609999657,0,0,0,20,9,35,1,0,2.26280427,180,0,0,0,0,0
615,8.899999619,0,1,0,14,9,29,0,0,2.18605113,126,0,0,0,1,14
616,16.67000008,0,0,0,12,3,21,1,0,2.813610792,36,0,0,0,0,0
617,11,0,0,0,12,3,21,0,0,2.397895336,36,0,0,0,0,0
618,7.699999809,1,1,0,12,6,24,0,1,2.041220188,72,1,12,6,1,12
619,14.43000031,0,0,0,12,20,38,1,0,2.669309378,240,0,0,0,0,0
620,24.87000084,1,0,0,16,28,50,0,0,3.213662386,448,1,16,28,0,0
621,19,1,1,0,14,18,38,0,1,2.944438934,252,1,14,18,1,14
622,4.5,1,1,0,12,16,34,0,1,1.504077435,192,1,12,16,1,12
623,6,0,1,0,12,47,65,0,0,1.791759491,564,0,0,0,1,12
624,21.07999992,0,0,0,16,14,36,1,0,3.048324823,224,0,0,0,0,0
625,9.579999924,1,1,0,14,13,33,0,1,2.259677649,182,1,14,13,1,14
626,12,0,0,0,12,30,48,0,0,2.484906673,360,0,0,0,0,0
627,7.070000172,1,1,1,12,12,30,0,1,1.955860496,144,1,12,12,1,12
628,7,1,0,0,12,16,34,1,0,1.945910096,192,1,12,16,0,0
629,10.57999992,1,0,0,16,0,22,1,0,2.358965397,0,1,16,0,0,0
630,8.569999695,1,0,0,12,27,45,1,0,2.148267746,324,1,12,27,0,0
631,7.179999828,1,0,0,12,10,28,1,0,1.97129941,120,1,12,10,0,0
632,9.609999657,1,0,0,12,13,31,1,0,2.26280427,156,1,12,13,0,0
633,12.5,1,0,0,16,8,30,1,0,2.525728703,128,1,16,8,0,0
634,6.25,1,1,0,12,16,34,0,1,1.83258152,192,1,12,16,1,12
635,6,0,0,0,12,45,63,0,0,1.791759491,540,0,0,0,0,0
636,10,1,0,0,12,4,22,0,0,2.302585125,48,1,12,4,0,0
637,24.03000069,0,1,0,20,32,58,1,0,3.179303169,640,0,0,0,1,20
638,38.45999908,0,0,0,16,18,40,1,0,3.649618626,288,0,0,0,0,0
639,5.5,0,0,0,16,8,30,0,0,1.704748034,128,0,0,0,0,0
640,14.43000031,0,0,0,18,17,41,1,0,2.669309378,306,0,0,0,0,0
641,10,0,0,0,11,26,43,0,0,2.302585125,286,0,0,0,0,0
642,18,0,0,0,16,21,43,0,0,2.890371799,336,0,0,0,0,0
643,6.150000095,1,0,0,12,3,21,0,0,1.816452146,36,1,12,3,0,0
644,23.75,0,0,1,18,28,52,1,0,3.167582512,504,0,0,0,0,0
645,9.25,0,0,0,12,28,46,0,0,2.224623442,336,0,0,0,0,0
646,8.079999924,0,0,0,12,29,47,1,0,2.089391947,348,0,0,0,0,0
647,5,1,0,0,12,29,47,0,0,1.609437943,348,1,12,29,0,0
648,12.39999962,0,0,0,12,18,36,0,0,2.517696381,216,0,0,0,0,0
649,5,1,0,0,12,24,42,0,0,1.609437943,288,1,12,24,0,0
650,6.920000076,0,0,0,12,26,44,1,0,1.934415817,312,0,0,0,0,0
651,7.840000153,1,0,0,12,33,51,0,0,2.059238911,396,1,12,33,0,0
652,6.880000114,1,0,0,12,16,34,1,0,1.92861867,192,1,12,16,0,0
653,6.349999905,1,0,0,12,15,33,0,0,1.848454833,180,1,12,15,0,0
654,8.25,1,0,0,12,17,35,0,0,2.11021328,204,1,12,17,0,0
655,12.80000019,0,0,0,14,27,47,0,0,2.549445152,378,0,0,0,0,0
656,19.23999977,1,0,0,12,25,43,1,0,2.956991434,300,1,12,25,0,0
657,15,1,0,0,14,14,34,0,0,2.708050251,196,1,14,14,0,0
658,7,1,0,0,16,8,30,0,0,1.945910096,128,1,16,8,0,0
659,6,0,0,0,12,5,23,0,0,1.791759491,60,0,0,0,0,0
660,7.300000191,1,0,0,16,17,39,1,0,1.987874389,272,1,16,17,0,0
661,5,1,0,0,12,3,21,0,0,1.609437943,36,1,12,3,0,0
662,20.85000038,1,0,0,16,19,41,1,0,3.037353992,304,1,16,19,0,0
663,12.25,1,0,0,16,0,22,0,0,2.505525827,0,1,16,0,0,0
664,6.730000019,1,0,0,12,9,27,1,0,1.906575203,108,1,12,9,0,0
665,11.53999996,0,0,0,18,32,56,1,0,2.445819139,576,0,0,0,0,0
666,5,1,0,0,12,31,49,1,0,1.609437943,372,1,12,31,0,0
667,20.20000076,0,0,0,12,31,49,1,0,3.005682707,372,0,0,0,0,0
668,18.75,0,0,1,12,34,52,1,0,2.931193829,408,0,0,0,0,0
669,4.900000095,0,0,0,16,1,23,1,0,1.589235187,16,0,0,0,0,0
670,9.619999886,0,0,0,12,10,28,1,0,2.263844252,120,0,0,0,0,0
671,8.649999619,0,0,0,14,24,44,1,0,2.157559395,336,0,0,0,0,0
672,9.180000305,1,0,0,14,7,27,1,0,2.217027187,98,1,14,7,0,0
673,5,0,0,0,12,6,24,0,0,1.609437943,72,0,0,0,0,0
674,7.5,0,0,0,12,41,59,1,0,2.014903069,492,0,0,0,0,0
675,20.20000076,0,1,0,16,37,59,1,0,3.005682707,592,0,0,0,1,16
676,4.659999847,1,0,0,12,6,24,0,0,1.539015412,72,1,12,6,0,0
677,4.25,0,0,0,11,19,36,0,0,1.446918964,209,0,0,0,0,0
678,9.239999771,1,0,1,16,2,24,1,0,2.223541975,32,1,16,2,0,0
679,13.46000004,0,1,0,12,15,33,1,0,2.599722385,180,0,0,0,1,12
680,13.64000034,0,0,0,14,21,41,1,0,2.613006592,294,0,0,0,0,0
681,7.5,0,1,0,7,14,27,0,0,2.014903069,98,0,0,0,1,7
682,7.25,0,1,0,16,30,52,0,0,1.981001496,480,0,0,0,1,16
683,9.229999542,1,1,0,12,10,28,1,1,2.222459078,120,1,12,10,1,12
684,14.39999962,0,0,1,12,32,50,1,0,2.667228222,384,0,0,0,0,0
685,13,1,0,0,12,9,27,0,0,2.564949274,108,1,12,9,0,0
686,15.57999992,0,0,1,12,35,53,1,0,2.745988131,420,0,0,0,0,0
687,5.78000021,1,0,0,12,30,48,1,0,1.75440371,360,1,12,30,0,0
688,15.56000042,0,0,0,12,21,39,1,0,2.744703531,252,0,0,0,0,0
689,13.89000034,1,0,0,12,18,36,1,0,2.631169081,216,1,12,18,0,0
690,18.45000076,0,0,0,12,35,53,1,0,2.915064335,420,0,0,0,0,0
691,6,0,0,0,12,5,23,0,0,1.791759491,60,0,0,0,0,0
692,5,1,0,0,12,23,41,0,0,1.609437943,276,1,12,23,0,0
693,7.139999866,1,0,0,12,5,23,0,0,1.965712786,60,1,12,5,0,0
694,7.079999924,0,0,0,12,21,39,1,0,1.957273841,252,0,0,0,0,0
695,5,0,0,0,12,13,31,1,0,1.609437943,156,0,0,0,0,0
696,13.46000004,1,0,1,18,24,48,1,0,2.599722385,432,1,18,24,0,0
697,33,0,0,0,12,47,65,0,0,3.496507645,564,0,0,0,0,0
698,12.90999985,0,0,1,11,21,38,0,0,2.558002234,231,0,0,0,0,0
699,4.5,1,0,0,14,13,33,0,0,1.504077435,182,1,14,13,0,0
700,5,1,0,1,12,17,35,0,0,1.609437943,204,1,12,17,0,0
701,13,0,0,1,12,13,31,0,0,2.564949274,156,0,0,0,0,0
702,10,1,0,0,10,23,39,0,0,2.302585125,230,1,10,23,0,0
703,34.95999908,1,0,0,20,6,32,1,0,3.554204464,120,1,20,6,0,0
704,12.65999985,1,1,1,14,6,26,1,1,2.53844738,84,1,14,6,1,14
705,17.29999924,0,1,0,18,4,28,1,0,2.850706339,72,0,0,0,1,18
706,18.29000092,1,0,1,12,30,48,1,0,2.906354427,360,1,12,30,0,0
707,48.08000183,0,0,0,16,2,24,1,0,3.872866392,32,0,0,0,0,0
708,19.23999977,0,0,0,16,28,50,1,0,2.956991434,448,0,0,0,0,0
709,12,0,0,0,12,25,43,0,0,2.484906673,300,0,0,0,0,0
710,22.72999954,1,0,1,16,42,64,1,0,3.123685598,672,1,16,42,0,0
711,12,0,0,0,12,20,38,1,0,2.484906673,240,0,0,0,0,0
712,17.78000069,1,0,0,14,24,44,1,0,2.878074169,336,1,14,24,0,0
713,8.890000343,1,0,0,12,37,55,1,0,2.184926987,444,1,12,37,0,0
714,15,0,0,1,12,35,53,0,0,2.708050251,420,0,0,0,0,0
715,13,1,0,1,11,33,50,0,0,2.564949274,363,1,11,33,0,0
716,64.08000183,1,0,0,16,12,34,1,0,4.160132408,192,1,16,12,0,0
717,14,0,0,0,12,23,41,1,0,2.639057398,276,0,0,0,0,0
718,12,0,0,0,14,9,29,0,0,2.484906673,126,0,0,0,0,0
719,7,0,1,0,5,22,33,0,0,1.945910096,110,0,0,0,1,5
720,27.70000076,0,0,0,16,15,37,1,0,3.321432352,240,0,0,0,0,0
721,9,0,0,0,12,11,29,0,0,2.197224617,132,0,0,0,0,0
722,11,0,0,0,12,27,45,0,0,2.397895336,324,0,0,0,0,0
723,1.570000052,0,1,0,16,6,28,1,0,0.451075643,96,0,0,0,1,16
724,6.050000191,1,1,0,12,4,22,0,1,1.800058246,48,1,12,4,1,12
725,15,1,0,0,12,27,45,0,0,2.708050251,324,1,12,27,0,0
726,19.25,0,0,1,12,22,40,1,0,2.957510948,264,0,0,0,0,0
727,10.42000008,0,0,0,16,19,41,1,0,2.343727112,304,0,0,0,0,0
728,10.30000019,0,0,0,12,32,50,0,0,2.332144022,384,0,0,0,0,0
729,13.84000015,0,0,0,16,11,33,1,0,2.627563,176,0,0,0,0,0
730,12,1,0,1,12,17,35,0,0,2.484906673,204,1,12,17,0,0
731,8.649999619,0,0,0,12,13,31,0,0,2.157559395,156,0,0,0,0,0
732,30.23999977,1,0,1,18,22,46,1,0,3.409165621,396,1,18,22,0,0
733,11.5,1,0,0,12,22,40,0,0,2.44234705,264,1,12,22,0,0
734,11.53999996,0,0,0,12,14,32,1,0,2.445819139,168,0,0,0,0,0
735,20.20000076,0,0,0,16,6,28,1,0,3.005682707,96,0,0,0,0,0
736,50,1,0,0,16,7,29,0,0,3.912023067,112,1,16,7,0,0
737,13,0,0,1,12,42,60,0,0,2.564949274,504,0,0,0,0,0
738,4.25,1,0,0,12,25,43,0,0,1.446918964,300,1,12,25,0,0
739,7.699999809,0,0,1,12,45,63,1,0,2.041220188,540,0,0,0,0,0
740,15.93999958,1,0,0,12,16,34,1,0,2.76883173,192,1,12,16,0,0
741,25.81999969,0,0,1,12,33,51,0,0,3.251149416,396,0,0,0,0,0
742,14,1,0,0,12,33,51,0,0,2.639057398,396,1,12,33,0,0
743,12.5,1,0,1,14,30,50,0,0,2.525728703,420,1,14,30,0,0
744,25.29000092,1,0,0,12,44,62,1,0,3.230409145,528,1,12,44,0,0
745,8.649999619,0,0,0,12,14,32,0,0,2.157559395,168,0,0,0,0,0
746,14,0,0,1,12,8,26,0,0,2.639057398,96,0,0,0,0,0
747,12,0,0,0,12,28,46,0,0,2.484906673,336,0,0,0,0,0
748,14.43000031,0,0,1,16,22,44,1,0,2.669309378,352,0,0,0,0,0
749,29.90999985,0,0,0,18,22,46,1,0,3.398192883,396,0,0,0,0,0
750,10.25,0,0,0,16,11,33,0,0,2.32727766,176,0,0,0,0,0
751,18.84000015,0,0,0,18,27,51,1,0,2.935982227,486,0,0,0,0,0
752,12,1,0,0,12,43,61,1,0,2.484906673,516,1,12,43,0,0
753,25,0,0,1,12,43,61,0,0,3.218875885,516,0,0,0,0,0
754,6.650000095,1,0,0,14,17,37,0,0,1.894616842,238,1,14,17,0,0
755,18,0,1,1,12,47,65,0,0,2.890371799,564,0,0,0,1,12
756,5,0,1,0,16,26,48,1,0,1.609437943,416,0,0,0,1,16
757,6.5,1,0,0,12,28,46,0,0,1.871802211,336,1,12,28,0,0
758,23.07999992,0,0,0,18,15,39,1,0,3.138966322,270,0,0,0,0,0
759,10.5,0,0,0,12,7,25,0,0,2.351375341,84,0,0,0,0,0
760,10,0,0,1,12,6,24,0,0,2.302585125,72,0,0,0,0,0
761,8.75,0,1,0,12,4,22,1,0,2.169053793,48,0,0,0,1,12
762,15.47000027,1,1,0,14,21,41,0,1,2.738902569,294,1,14,21,1,14
763,42.54999924,0,0,0,20,27,53,1,0,3.750679731,540,0,0,0,0,0
764,6,1,1,0,12,3,21,0,1,1.791759491,36,1,12,3,1,12
765,6.25,1,0,0,12,12,30,1,0,1.83258152,144,1,12,12,0,0
766,4,1,0,0,10,6,22,0,0,1.386294365,60,1,10,6,0,0
767,16.82999992,0,0,0,12,42,60,1,0,2.823163033,504,0,0,0,0,0
768,7,0,0,0,12,6,24,0,0,1.945910096,72,0,0,0,0,0
769,5.440000057,0,0,0,20,36,62,1,0,1.693779111,720,0,0,0,0,0
770,5,1,0,0,11,1,18,0,0,1.609437943,11,1,11,1,0,0
771,11,0,0,0,14,25,45,0,0,2.397895336,350,0,0,0,0,0
772,6.880000114,0,1,0,12,13,31,1,0,1.92861867,156,0,0,0,1,12
773,11,0,1,1,12,10,28,0,0,2.397895336,120,0,0,0,1,12
774,19.23999977,0,0,0,18,9,33,1,0,2.956991434,162,0,0,0,0,0
775,10.10000038,0,0,0,12,30,48,0,0,2.312535524,360,0,0,0,0,0
776,9.529999733,0,0,0,12,13,31,0,0,2.254444599,156,0,0,0,0,0
777,9.350000381,0,0,1,12,17,35,0,0,2.235376358,204,0,0,0,0,0
778,7,0,1,0,12,18,36,0,0,1.945910096,216,0,0,0,1,12
779,31.86000061,0,0,0,12,31,49,1,0,3.461351395,372,0,0,0,0,0
780,12.5,1,0,1,12,34,52,0,0,2.525728703,408,1,12,34,0,0
781,28.85000038,1,0,0,16,10,32,1,0,3.3621099,160,1,16,10,0,0
782,8,1,0,0,12,9,27,0,0,2.079441547,108,1,12,9,0,0
783,12.18000031,0,0,1,16,9,31,1,0,2.499795198,144,0,0,0,0,0
784,5,0,0,0,11,14,31,0,0,1.609437943,154,0,0,0,0,0
785,7.25,1,0,0,12,20,38,0,0,1.981001496,240,1,12,20,0,0
786,18,1,0,0,16,17,39,0,0,2.890371799,272,1,16,17,0,0
787,8,0,0,1,12,12,30,0,0,2.079441547,144,0,0,0,0,0
788,8,0,0,1,12,10,28,0,0,2.079441547,120,0,0,0,0,0
789,16,1,0,0,16,12,34,1,0,2.77258873,192,1,16,12,0,0
790,8.649999619,0,0,0,12,22,40,1,0,2.157559395,264,0,0,0,0,0
791,14.48999977,0,0,1,12,33,51,0,0,2.673458815,396,0,0,0,0,0
792,3.75,1,0,0,12,31,49,1,0,1.321755886,372,1,12,31,0,0
793,7.5,0,0,0,16,4,26,1,0,2.014903069,64,0,0,0,0,0
794,9,1,0,0,12,0,18,1,0,2.197224617,0,1,12,0,0,0
795,3.5,0,1,0,12,4,22,1,0,1.252762914,48,0,0,0,1,12
796,27.5,0,1,1,12,30,48,1,0,3.314186096,360,0,0,0,1,12
797,20,0,0,0,12,11,29,0,0,2.995732307,132,0,0,0,0,0
798,12,1,1,1,12,24,42,0,1,2.484906673,288,1,12,24,1,12
799,3.75,1,1,1,0,56,62,1,1,1.321755886,0,1,0,56,1,0
800,45,1,0,0,18,16,40,0,0,3.80666256,288,1,18,16,0,0
801,6,1,0,0,9,13,28,0,0,1.791759491,117,1,9,13,0,0
802,21.14999962,1,0,0,20,3,29,1,0,3.051639795,60,1,20,3,0,0
803,16.82999992,0,1,0,16,14,36,1,0,2.823163033,224,0,0,0,1,16
804,8.050000191,0,0,0,14,24,44,0,0,2.08567214,336,0,0,0,0,0
805,22.21999931,0,0,0,16,15,37,1,0,3.10099268,240,0,0,0,0,0
806,3.079999924,0,1,0,12,11,29,1,0,1.124929547,132,0,0,0,1,12
807,42.72999954,0,0,0,18,16,40,1,0,3.754901171,288,0,0,0,0,0
808,35,1,0,1,12,19,37,1,0,3.555348158,228,1,12,19,0,0
809,49.45999908,0,0,0,16,23,45,1,0,3.901164293,368,0,0,0,0,0
810,17.29999924,0,0,0,12,32,50,1,0,2.850706339,384,0,0,0,0,0
811,15.85000038,1,0,0,12,30,48,1,0,2.763169527,360,1,12,30,0,0
812,11.22000027,1,0,0,18,21,45,1,0,2.417697906,378,1,18,21,0,0
813,17.28000069,1,0,1,16,43,65,0,0,2.84954977,688,1,16,43,0,0
814,5,1,0,0,12,15,33,0,0,1.609437943,180,1,12,15,0,0
815,11.25,1,0,0,12,9,27,1,0,2.420368195,108,1,12,9,0,0
816,13,0,1,1,5,34,45,0,0,2.564949274,170,0,0,0,1,5
817,26.92000008,0,0,0,18,11,35,1,0,3.292869568,198,0,0,0,0,0
818,6.25,1,1,0,12,13,31,1,1,1.83258152,156,1,12,13,1,12
819,48.08000183,1,0,0,16,20,42,1,0,3.872866392,320,1,16,20,0,0
820,19.21999931,0,0,0,16,14,36,1,0,2.955951452,224,0,0,0,0,0
821,13.75,1,0,0,14,8,28,1,0,2.621038914,112,1,14,8,0,0
822,9.260000229,0,0,0,16,26,48,1,0,2.225703955,416,0,0,0,0,0
823,6.5,1,0,0,14,7,27,0,0,1.871802211,98,1,14,7,0,0
824,6.599999905,1,0,0,16,0,22,0,0,1.887069583,0,1,16,0,0,0
825,14.28999996,1,0,0,14,30,50,1,0,2.659559965,420,1,14,30,0,0
826,15.71000004,1,0,0,16,13,35,1,0,2.754297495,208,1,16,13,0,0
827,23.54999924,0,0,0,18,26,50,1,0,3.159125805,468,0,0,0,0,0
828,16.03000069,0,0,0,12,12,30,1,0,2.774461985,144,0,0,0,0,0
829,18,0,1,1,12,30,48,0,0,2.890371799,360,0,0,0,1,12
830,12.14000034,0,1,1,12,23,41,0,0,2.496505737,276,0,0,0,1,12
831,12,0,1,0,18,6,30,0,0,2.484906673,108,0,0,0,1,18
832,17.76000023,1,0,0,12,38,56,1,0,2.876948833,456,1,12,38,0,0
833,18,0,0,1,12,23,41,0,0,2.890371799,276,0,0,0,0,0
834,11,0,0,0,12,17,35,0,0,2.397895336,204,0,0,0,0,0
835,12,0,0,1,12,30,48,0,0,2.484906673,360,0,0,0,0,0
836,9.220000267,0,0,0,12,30,48,1,0,2.221374989,360,0,0,0,0,0
837,4.25,1,0,0,12,21,39,0,0,1.446918964,252,1,12,21,0,0
838,17.95999908,1,0,0,16,7,29,1,0,2.888147116,112,1,16,7,0,0
839,6,1,0,1,12,0,18,0,0,1.791759491,0,1,12,0,0,0
840,11.25,0,0,1,12,15,33,1,0,2.420368195,180,0,0,0,0,0
841,12.72999954,1,0,1,18,17,41,1,0,2.543961287,306,1,18,17,0,0
842,8,0,0,1,12,20,38,0,0,2.079441547,240,0,0,0,0,0
843,4.75,1,0,0,10,3,19,0,0,1.558144569,30,1,10,3,0,0
844,7.349999905,1,0,0,12,18,36,0,0,1.994700313,216,1,12,18,0,0
845,27.70000076,1,0,0,12,33,51,1,0,3.321432352,396,1,12,33,0,0
846,19.22999954,0,0,0,18,27,51,1,0,2.956471443,486,0,0,0,0,0
847,9.050000191,1,0,0,12,27,45,1,0,2.20276475,324,1,12,27,0,0
848,19.22999954,0,0,0,12,14,32,1,0,2.956471443,168,0,0,0,0,0
849,8.840000153,0,0,0,16,0,22,1,0,2.179286957,0,0,0,0,0,0
850,17.29999924,0,0,0,18,20,44,1,0,2.850706339,360,0,0,0,0,0
851,13.44999981,1,0,1,16,23,45,1,0,2.598978996,368,1,16,23,0,0
852,8.5,0,0,0,12,25,43,0,0,2.140066147,300,0,0,0,0,0
853,12.65999985,1,0,0,16,20,42,1,0,2.53844738,320,1,16,20,0,0
854,18.60000038,1,0,0,16,4,26,1,0,2.923161507,64,1,16,4,0,0
855,11.22000027,0,0,0,14,26,46,1,0,2.417697906,364,0,0,0,0,0
856,10.35000038,0,0,0,12,4,22,1,0,2.336986542,48,0,0,0,0,0
857,14.43999958,0,0,0,12,43,61,1,0,2.670002222,516,0,0,0,0,0
858,6.659999847,1,0,0,12,40,58,0,0,1.896119475,480,1,12,40,0,0
859,13.64999962,0,0,0,7,35,48,1,0,2.613739491,245,0,0,0,0,0
860,4.349999905,1,1,0,12,23,41,0,1,1.470175862,276,1,12,23,1,12
861,14.43000031,0,0,0,12,30,48,1,0,2.669309378,360,0,0,0,0,0
862,6.25,1,0,0,12,44,62,1,0,1.83258152,528,1,12,44,0,0
863,16.20000076,1,0,0,16,21,43,0,0,2.785011292,336,1,16,21,0,0
864,7.5,1,1,0,12,16,34,0,1,2.014903069,192,1,12,16,1,12
865,5,0,1,0,12,7,25,0,0,1.609437943,84,0,0,0,1,12
866,6,1,0,0,12,19,37,0,0,1.791759491,228,1,12,19,0,0
867,38.45999908,0,0,0,18,21,45,1,0,3.649618626,378,0,0,0,0,0
868,34.95999908,0,0,0,18,24,48,1,0,3.554204464,432,0,0,0,0,0
869,10.77999973,0,0,0,12,30,48,1,0,2.377692461,360,0,0,0,0,0
870,16.82999992,0,0,0,12,43,61,1,0,2.823163033,516,0,0,0,0,0
871,32.04999924,0,0,0,20,23,49,1,0,3.467297077,460,0,0,0,0,0
872,5,1,0,0,10,42,58,0,0,1.609437943,420,1,10,42,0,0
873,12.02999973,0,0,1,10,34,50,1,0,2.487403393,340,0,0,0,0,0
874,9.319999695,0,0,0,12,11,29,0,0,2.232162714,132,0,0,0,0,0
875,8,0,0,0,12,9,27,0,0,2.079441547,108,0,0,0,0,0
876,5.5,1,0,0,12,33,51,0,0,1.704748034,396,1,12,33,0,0
877,6,1,0,0,12,13,31,0,0,1.791759491,156,1,12,13,0,0
878,7,0,0,0,7,17,30,0,0,1.945910096,119,0,0,0,0,0
879,33.33000183,0,0,0,16,7,29,1,0,3.506458044,112,0,0,0,0,0
880,5,1,0,0,12,10,28,0,0,1.609437943,120,1,12,10,0,0
881,8.31000042,1,0,0,12,10,28,0,0,2.117459774,120,1,12,10,0,0
882,15,1,0,0,14,7,27,0,0,2.708050251,98,1,14,7,0,0
883,22.12999916,0,0,0,16,28,50,1,0,3.09693408,448,0,0,0,0,0
884,17.86000061,1,0,1,18,20,44,1,0,2.882563591,360,1,18,20,0,0
885,32.04999924,0,0,1,16,12,34,0,0,3.467297077,192,0,0,0,0,0
886,23.5,0,0,0,16,10,32,0,0,3.157000303,160,0,0,0,0,0
887,30.62000084,0,0,0,18,15,39,1,0,3.421653509,270,0,0,0,0,0
888,16,1,0,0,12,29,47,0,0,2.77258873,348,1,12,29,0,0
889,3.849999905,1,0,0,14,3,23,1,0,1.348073125,42,1,14,3,0,0
890,6.239999771,1,1,0,12,26,44,0,1,1.830980182,312,1,12,26,1,12
891,6.880000114,0,0,0,7,39,52,0,0,1.92861867,273,0,0,0,0,0
892,6.670000076,0,0,0,10,37,53,1,0,1.897619843,370,0,0,0,0,0
893,7.5,1,0,0,12,34,52,0,0,2.014903069,408,1,12,34,0,0
894,9.699999809,0,0,0,9,30,45,0,0,2.272125959,270,0,0,0,0,0
895,6.519999981,0,0,0,9,34,49,0,0,1.874874353,306,0,0,0,0,0
896,9.600000381,1,0,0,16,25,47,1,0,2.261763096,400,1,16,25,0,0
897,11,1,0,0,16,11,33,0,0,2.397895336,176,1,16,11,0,0
898,11.05000019,1,0,0,16,2,24,1,0,2.402430534,32,1,16,2,0,0
899,6.5,1,1,0,9,21,36,0,1,1.871802211,189,1,9,21,1,9
900,5.75,0,0,0,16,13,35,0,0,1.749199867,208,0,0,0,0,0
901,5.400000095,1,0,0,12,2,20,0,0,1.686398983,24,1,12,2,0,0
902,6.78000021,1,0,0,12,2,20,1,0,1.913977146,24,1,12,2,0,0
903,16,1,0,0,12,44,62,0,0,2.77258873,528,1,12,44,0,0
904,10.15999985,0,0,0,12,25,43,0,0,2.318458319,300,0,0,0,0,0
905,1.5,1,0,0,14,17,37,0,0,0.405465096,238,1,14,17,0,0
906,9.329999924,0,0,0,16,4,26,1,0,2.233235121,64,0,0,0,0,0
907,13.52000046,1,0,1,12,27,45,0,0,2.604170084,324,1,12,27,0,0
908,4.25,0,0,0,12,4,22,0,0,1.446918964,48,0,0,0,0,0
909,15,0,0,1,12,29,47,0,0,2.708050251,348,0,0,0,0,0
910,18.12999916,0,0,1,14,22,42,0,0,2.897567987,308,0,0,0,0,0
911,6.25,0,0,0,12,22,40,0,0,1.83258152,264,0,0,0,0,0
912,5.800000191,0,0,0,12,3,21,0,0,1.757857919,36,0,0,0,0,0
913,4.25,1,0,0,12,1,19,0,0,1.446918964,12,1,12,1,0,0
914,6.349999905,1,0,0,12,44,62,0,0,1.848454833,528,1,12,44,0,0
915,14.43000031,1,0,1,18,21,45,1,0,2.669309378,378,1,18,21,0,0
916,11,0,0,0,0,51,57,0,0,2.397895336,0,0,0,0,0,0
917,12.02999973,1,1,1,16,41,63,1,1,2.487403393,656,1,16,41,1,16
918,9,1,1,0,12,15,33,0,1,2.197224617,180,1,12,15,1,12
919,6.5,1,0,0,16,4,26,0,0,1.871802211,64,1,16,4,0,0
920,9.789999962,1,0,0,16,8,30,0,0,2.281361341,128,1,16,8,0,0
921,6.150000095,0,0,0,12,21,39,1,0,1.816452146,252,0,0,0,0,0
922,12.22000027,0,0,1,16,9,31,1,0,2.503073931,144,0,0,0,0,0
923,6.199999809,1,0,0,12,26,44,0,0,1.824549317,312,1,12,26,0,0
924,22.15999985,0,0,0,12,40,58,1,0,3.098288774,480,0,0,0,0,0
925,12.88000011,0,0,1,12,24,42,0,0,2.555675745,288,0,0,0,0,0
926,12.19999981,0,0,0,12,26,44,0,0,2.501435995,312,0,0,0,0,0
927,28.84000015,0,0,0,18,15,39,1,0,3.361763239,270,0,0,0,0,0
928,6,1,0,0,12,4,22,0,0,1.791759491,48,1,12,4,0,0
929,13,1,0,0,14,31,51,0,0,2.564949274,434,1,14,31,0,0
930,5,1,1,0,10,26,42,0,1,1.609437943,260,1,10,26,1,10
931,9.520000458,1,0,0,12,44,62,1,0,2.253394842,528,1,12,44,0,0
932,7,1,0,0,12,13,31,0,0,1.945910096,156,1,12,13,0,0
933,9.5,0,0,0,12,20,38,0,0,2.251291752,240,0,0,0,0,0
934,2,0,0,0,11,1,18,0,0,0.693147182,11,0,0,0,0,0
935,15.81999969,0,0,0,12,9,27,1,0,2.761275053,108,0,0,0,0,0
936,30,1,0,0,20,17,43,1,0,3.401197433,340,1,20,17,0,0
937,9.619999886,1,0,0,14,5,25,1,0,2.263844252,70,1,14,5,0,0
938,14.84000015,1,0,0,12,44,62,0,0,2.697326183,528,1,12,44,0,0
939,11.5,0,0,0,16,4,26,0,0,2.44234705,64,0,0,0,0,0
940,31.25,0,0,0,16,39,61,1,0,3.442019463,624,0,0,0,0,0
941,33.56000137,0,0,0,18,17,41,1,0,3.51333499,306,0,0,0,0,0
942,5,1,0,0,16,22,44,0,0,1.609437943,352,1,16,22,0,0
943,29.57999992,0,0,0,16,31,53,1,0,3.387098551,496,0,0,0,0,0
944,9.130000114,1,0,0,12,33,51,1,0,2.211565733,396,1,12,33,0,0
945,8.890000343,0,0,0,16,16,38,1,0,2.184926987,256,0,0,0,0,0
946,5.25,0,0,0,12,5,23,0,0,1.65822804,60,0,0,0,0,0
947,11,1,0,1,12,18,36,0,0,2.397895336,216,1,12,18,0,0
948,15.35000038,0,0,0,12,23,41,0,0,2.73111558,276,0,0,0,0,0
949,10.85000038,1,0,0,18,18,42,1,0,2.384165049,324,1,18,18,0,0
950,11.31999969,0,0,0,12,13,31,0,0,2.426571131,156,0,0,0,0,0
951,6.650000095,1,0,0,12,23,41,0,0,1.894616842,276,1,12,23,0,0
952,5,1,0,0,12,1,19,0,0,1.609437943,12,1,12,1,0,0
953,10.21000004,1,0,1,12,12,30,0,0,2.323367596,144,1,12,12,0,0
954,5.510000229,1,0,0,12,22,40,0,0,1.706564665,264,1,12,22,0,0
955,10,0,0,0,16,37,59,0,0,2.302585125,592,0,0,0,0,0
956,20,0,0,0,12,20,38,0,0,2.995732307,240,0,0,0,0,0
957,1.149999976,0,0,0,12,43,61,1,0,0.139761925,516,0,0,0,0,0
958,14.43000031,0,0,0,12,16,34,1,0,2.669309378,192,0,0,0,0,0
959,9.300000191,1,0,0,12,24,42,0,0,2.230014324,288,1,12,24,0,0
960,8,0,0,0,12,6,24,0,0,2.079441547,72,0,0,0,0,0
961,7.960000038,1,0,0,12,30,48,0,0,2.074429035,360,1,12,30,0,0
962,11,0,0,1,12,19,37,0,0,2.397895336,228,0,0,0,0,0
963,5,0,0,0,12,29,47,0,0,1.609437943,348,0,0,0,0,0
964,33.65000153,0,0,0,16,27,49,1,0,3.516013145,432,0,0,0,0,0
965,5.5,1,0,0,12,13,31,0,0,1.704748034,156,1,12,13,0,0
966,14.85999966,0,0,0,12,17,35,1,0,2.69867301,204,0,0,0,0,0
967,4.5,1,0,0,11,1,18,0,0,1.504077435,11,1,11,1,0,0
968,12.30000019,0,0,1,16,18,40,1,0,2.509599209,288,0,0,0,0,0
969,42.72999954,0,0,0,16,24,46,1,0,3.754901171,384,0,0,0,0,0
970,18.65999985,1,0,1,12,31,49,0,0,2.926382303,372,1,12,31,0,0
971,11,1,0,0,12,26,44,1,0,2.397895336,312,1,12,26,0,0
972,10,1,0,0,16,2,24,0,0,2.302585125,32,1,16,2,0,0
973,7,0,0,1,12,34,52,0,0,1.945910096,408,0,0,0,0,0
974,11.72000027,0,0,0,12,32,50,0,0,2.461296797,384,0,0,0,0,0
975,5,1,0,0,12,3,21,0,0,1.609437943,36,1,12,3,0,0
976,18.25,0,0,0,12,25,43,0,0,2.90416503,300,0,0,0,0,0
977,5.5,0,0,0,12,35,53,0,0,1.704748034,420,0,0,0,0,0
978,6,1,0,0,12,14,32,0,0,1.791759491,168,1,12,14,0,0
979,5.449999809,1,0,0,12,18,36,0,0,1.69561553,216,1,12,18,0,0
980,5.829999924,1,0,0,12,46,64,1,0,1.763016939,552,1,12,46,0,0
981,14.43000031,0,0,0,12,27,45,1,0,2.669309378,324,0,0,0,0,0
982,6.730000019,1,0,0,12,12,30,1,0,1.906575203,144,1,12,12,0,0
983,12.56999969,0,1,1,12,28,46,0,0,2.531312943,336,0,0,0,1,12
984,5,0,0,0,12,6,24,0,0,1.609437943,72,0,0,0,0,0
985,8.399999619,0,1,0,14,30,50,1,0,2.128231764,420,0,0,0,1,14
986,4.699999809,1,0,0,11,1,18,0,0,1.54756248,11,1,11,1,0,0
987,10.25,1,0,0,12,11,29,0,0,2.32727766,132,1,12,11,0,0
988,12.40999985,0,0,1,12,8,26,0,0,2.518502474,96,0,0,0,0,0
989,5.449999809,1,0,0,12,39,57,0,0,1.69561553,468,1,12,39,0,0
990,48.06999969,0,0,0,20,37,63,1,0,3.872658253,740,0,0,0,0,0
991,19,1,0,1,14,14,34,0,0,2.944438934,196,1,14,14,0,0
992,8.869999886,0,0,0,14,25,45,0,0,2.182674885,350,0,0,0,0,0
993,7.5,0,0,0,12,10,28,0,0,2.014903069,120,0,0,0,0,0
994,10.32999992,1,0,0,12,42,60,1,0,2.335052252,504,1,12,42,0,0
995,10,0,0,0,18,20,44,0,0,2.302585125,360,0,0,0,0,0
996,10.13000011,1,0,0,16,2,24,1,0,2.315501213,32,1,16,2,0,0
997,14.63000011,0,0,0,16,30,52,1,0,2.683074236,480,0,0,0,0,0
998,11.68000031,1,0,0,12,19,37,1,0,2.457878113,228,1,12,19,0,0
999,12.5,0,0,0,14,9,29,1,0,2.525728703,126,0,0,0,0,0
1000,6.920000076,1,0,0,11,28,45,1,0,1.934415817,308,1,11,28,0,0
1001,13,0,0,0,16,5,27,0,0,2.564949274,80,0,0,0,0,0
1002,11.77000046,0,0,1,12,36,54,0,0,2.465553999,432,0,0,0,0,0
1003,6.5,1,1,0,12,7,25,0,1,1.871802211,84,1,12,7,1,12
1004,17.75,0,0,0,18,9,33,0,0,2.87638545,162,0,0,0,0,0
1005,9,1,0,0,14,10,30,0,0,2.197224617,140,1,14,10,0,0
1006,13,1,0,0,12,33,51,0,0,2.564949274,396,1,12,33,0,0
1007,13.44999981,0,0,0,16,12,34,1,0,2.598978996,192,0,0,0,0,0
1008,11,1,0,0,12,21,39,0,0,2.397895336,252,1,12,21,0,0
1009,7.550000191,0,0,0,16,9,31,0,0,2.021547556,144,0,0,0,0,0
1010,7,1,0,0,12,27,45,0,0,1.945910096,324,1,12,27,0,0
1011,20.20000076,0,0,0,16,29,51,1,0,3.005682707,464,0,0,0,0,0
1012,16.35000038,0,0,1,12,34,52,0,0,2.794227839,408,0,0,0,0,0
1013,13.46000004,0,0,0,12,19,37,1,0,2.599722385,228,0,0,0,0,0
1014,12.5,0,0,0,12,29,47,1,0,2.525728703,348,0,0,0,0,0
1015,9.5,0,0,0,12,14,32,0,0,2.251291752,168,0,0,0,0,0
1016,20.18000031,0,0,0,18,17,41,1,0,3.004692078,306,0,0,0,0,0
1017,5,1,1,0,12,6,24,1,1,1.609437943,72,1,12,6,1,12
1018,5.25,1,0,0,12,6,24,0,0,1.65822804,72,1,12,6,0,0
1019,15,0,0,0,11,8,25,0,0,2.708050251,88,0,0,0,0,0
1020,4.25,0,0,0,16,16,38,0,0,1.446918964,256,0,0,0,0,0
1021,7.5,0,0,0,10,6,22,0,0,2.014903069,60,0,0,0,0,0
1022,15,0,0,0,12,34,52,0,0,2.708050251,408,0,0,0,0,0
1023,7.25,0,0,0,12,4,22,0,0,1.981001496,48,0,0,0,0,0
1024,18,0,0,1,12,6,24,0,0,2.890371799,72,0,0,0,0,0
1025,23.07999992,0,0,0,12,16,34,1,0,3.138966322,192,0,0,0,0,0
1026,9.979999542,0,0,0,12,16,34,0,0,2.300583124,192,0,0,0,0,0
1027,6,1,0,0,16,1,23,0,0,1.791759491,16,1,16,1,0,0
1028,6.349999905,1,0,0,12,21,39,0,0,1.848454833,252,1,12,21,0,0
1029,6.150000095,0,0,0,12,5,23,0,0,1.816452146,60,0,0,0,0,0
1030,13,0,0,1,12,21,39,0,0,2.564949274,252,0,0,0,0,0
1031,9.630000114,1,0,0,12,7,25,1,0,2.26488328,84,1,12,7,0,0
1032,14.39999962,1,0,0,12,18,36,0,0,2.667228222,216,1,12,18,0,0
1033,6.25,1,0,0,16,19,41,1,0,1.83258152,304,1,16,19,0,0
1034,10.93000031,1,0,0,12,17,35,1,0,2.39151144,204,1,12,17,0,0
1035,14.43999958,0,0,0,14,19,39,1,0,2.670002222,266,0,0,0,0,0
1036,6,0,0,0,12,5,23,0,0,1.791759491,60,0,0,0,0,0
1037,4.75,0,0,0,11,1,18,0,0,1.558144569,11,0,0,0,0,0
1038,22.76000023,0,0,0,16,14,36,1,0,3.12500453,224,0,0,0,0,0
1039,14.39999962,1,0,1,18,4,28,1,0,2.667228222,72,1,18,4,0,0
1040,5.75,1,1,0,16,18,40,0,1,1.749199867,288,1,16,18,1,16
1041,25.39999962,1,0,0,18,18,42,0,0,3.234749079,324,1,18,18,0,0
1042,15.75,1,0,0,12,9,27,1,0,2.756840467,108,1,12,9,0,0
1043,11,0,0,0,12,29,47,0,0,2.397895336,348,0,0,0,0,0
1044,6,1,0,1,12,3,21,0,0,1.791759491,36,1,12,3,0,0
1045,7.5,1,1,0,12,14,32,1,1,2.014903069,168,1,12,14,1,12
1046,13.69999981,0,1,0,14,27,47,0,0,2.617395878,378,0,0,0,1,14
1047,7.5,0,1,0,11,2,19,0,0,2.014903069,22,0,0,0,1,11
1048,7.199999809,1,1,0,12,16,34,1,1,1.974081039,192,1,12,16,1,12
1049,9,0,1,0,12,3,21,1,0,2.197224617,36,0,0,0,1,12
1050,17,0,0,1,12,38,56,0,0,2.833213329,456,0,0,0,0,0
1051,4.75,0,0,0,12,42,60,0,0,1.558144569,504,0,0,0,0,0
1052,5.599999905,0,0,0,12,7,25,0,0,1.722766638,84,0,0,0,0,0
1053,9.56000042,1,0,0,12,34,52,0,0,2.257587671,408,1,12,34,0,0
1054,12.19999981,0,0,1,12,21,39,0,0,2.501435995,252,0,0,0,0,0
1055,12.5,0,0,0,20,8,34,1,0,2.525728703,160,0,0,0,0,0
1056,27.20000076,0,0,1,16,23,45,1,0,3.303216934,368,0,0,0,0,0
1057,29.96999931,0,0,1,18,22,46,1,0,3.400196791,396,0,0,0,0,0
1058,9,0,0,0,18,36,60,0,0,2.197224617,648,0,0,0,0,0
1059,7.739999771,0,0,0,12,14,32,0,0,2.046401739,168,0,0,0,0,0
1060,22.21999931,1,0,1,20,4,30,0,0,3.10099268,80,1,20,4,0,0
1061,13.64999962,0,0,0,12,17,35,0,0,2.613739491,204,0,0,0,0,0
1062,4.849999905,1,0,0,12,2,20,0,0,1.578978658,24,1,12,2,0,0
1063,12.97999954,1,0,0,16,26,48,1,0,2.563409567,416,1,16,26,0,0
1064,5,1,0,0,12,38,56,0,0,1.609437943,456,1,12,38,0,0
1065,16,0,0,0,12,22,40,0,0,2.77258873,264,0,0,0,0,0
1066,11.25,1,0,0,16,4,26,1,0,2.420368195,64,1,16,4,0,0
1067,6.5,0,1,0,9,11,26,0,0,1.871802211,99,0,0,0,1,9
1068,6.199999809,1,0,0,12,1,19,0,0,1.824549317,12,1,12,1,0,0
1069,5,1,0,0,12,23,41,0,0,1.609437943,276,1,12,23,0,0
1070,6.940000057,1,0,0,11,22,39,1,0,1.937301755,242,1,11,22,0,0
1071,50,1,0,0,10,36,52,0,0,3.912023067,360,1,10,36,0,0
1072,10.84000015,0,0,0,12,11,29,1,0,2.383243084,132,0,0,0,0,0
1073,34.95999908,0,0,0,20,20,46,1,0,3.554204464,400,0,0,0,0,0
1074,5.900000095,1,1,0,12,13,31,0,1,1.774952412,156,1,12,13,1,12
1075,4.400000095,1,1,0,10,17,33,0,1,1.481604576,170,1,10,17,1,10
1076,6,0,0,0,12,22,40,0,0,1.791759491,264,0,0,0,0,0
1077,13,0,0,0,10,29,45,0,0,2.564949274,290,0,0,0,0,0
1078,5.699999809,1,0,0,11,1,18,0,0,1.740466118,11,1,11,1,0,0
1079,8.649999619,0,0,0,16,13,35,1,0,2.157559395,208,0,0,0,0,0
1080,7.449999809,1,0,0,12,30,48,0,0,2.008213997,360,1,12,30,0,0
1081,14.06999969,0,0,0,12,23,41,1,0,2.644044876,276,0,0,0,0,0
1082,6,0,0,0,14,3,23,0,0,1.791759491,42,0,0,0,0,0
1083,9.930000305,0,1,1,12,13,31,0,0,2.295560598,156,0,0,0,1,12
1084,12.19999981,1,1,0,16,33,55,0,1,2.501435995,528,1,16,33,1,16
1085,7.079999924,1,0,0,14,20,40,0,0,1.957273841,280,1,14,20,0,0
1086,8.979999542,1,0,0,12,16,34,1,0,2.194999933,192,1,12,16,0,0
1087,13.44999981,0,0,0,16,4,26,1,0,2.598978996,64,0,0,0,0,0
1088,5.75,1,0,0,12,5,23,0,0,1.749199867,60,1,12,5,0,0
1089,5.050000191,0,0,0,16,17,39,1,0,1.619388223,272,0,0,0,0,0
1090,13.19999981,1,0,0,16,15,37,1,0,2.580216885,240,1,16,15,0,0
1091,31.25,0,0,0,14,20,40,1,0,3.442019463,280,0,0,0,0,0
1092,5.75,0,0,0,11,5,22,1,0,1.749199867,55,0,0,0,0,0
1093,6.5,1,0,0,16,1,23,0,0,1.871802211,16,1,16,1,0,0
1094,6.25,1,1,1,14,17,37,1,1,1.83258152,238,1,14,17,1,14
1095,18.75,0,1,1,12,26,44,1,0,2.931193829,312,0,0,0,1,12
1096,5.300000191,1,1,0,12,20,38,0,1,1.667706847,240,1,12,20,1,12
1097,2.079999924,1,1,0,12,9,27,1,1,0.732367873,108,1,12,9,1,12
1098,9,0,1,0,12,5,23,0,0,2.197224617,60,0,0,0,1,12
1099,11.75,0,0,0,16,10,32,1,0,2.463853359,160,0,0,0,0,0
1100,8.079999924,1,0,1,12,24,42,0,0,2.089391947,288,1,12,24,0,0
1101,9,0,0,0,12,18,36,0,0,2.197224617,216,0,0,0,0,0
1102,10,0,0,0,16,26,48,0,0,2.302585125,416,0,0,0,0,0
1103,7.699999809,0,0,0,12,6,24,1,0,2.041220188,72,0,0,0,0,0
1104,9,1,1,0,12,30,48,0,1,2.197224617,360,1,12,30,1,12
1105,8,0,1,1,12,6,24,0,0,2.079441547,72,0,0,0,1,12
1106,18,0,0,1,12,17,35,0,0,2.890371799,204,0,0,0,0,0
1107,11.25,0,1,1,12,9,27,1,0,2.420368195,108,0,0,0,1,12
1108,7.5,0,0,0,12,8,26,0,0,2.014903069,96,0,0,0,0,0
1109,7,1,1,0,10,37,53,0,1,1.945910096,370,1,10,37,1,10
1110,7.96999979,1,1,0,12,15,33,0,1,2.075684547,180,1,12,15,1,12
1111,8.68999958,1,0,0,12,21,39,0,0,2.162172794,252,1,12,21,0,0
1112,12.38000011,1,0,0,14,13,33,0,0,2.516082287,182,1,14,13,0,0
1113,18.96999931,0,0,0,12,14,32,1,0,2.942858696,168,0,0,0,0,0
1114,4.25,1,0,0,12,5,23,0,0,1.446918964,60,1,12,5,0,0
1115,11,1,0,0,14,27,47,0,0,2.397895336,378,1,14,27,0,0
1116,4.349999905,0,1,0,12,4,22,0,0,1.470175862,48,0,0,0,1,12
1117,5.5,1,0,0,12,37,55,0,0,1.704748034,444,1,12,37,0,0
1118,2.779999971,1,0,0,0,40,46,1,0,1.022450924,0,1,0,40,0,0
1119,11,0,0,0,14,28,48,0,0,2.397895336,392,0,0,0,0,0
1120,10.69999981,1,0,0,12,12,30,1,0,2.370243788,144,1,12,12,0,0
1121,14.17000008,0,0,0,14,31,51,1,0,2.6511271,434,0,0,0,0,0
1122,4.75,1,0,0,0,39,45,0,0,1.558144569,0,1,0,39,0,0
1123,24.03000069,0,0,0,20,7,33,1,0,3.179303169,140,0,0,0,0,0
1124,8,1,0,0,14,3,23,0,0,2.079441547,42,1,14,3,0,0
1125,9.819999695,1,0,0,18,26,50,1,0,2.284421206,468,1,18,26,0,0
1126,3.839999914,1,0,0,16,27,49,1,0,1.345472336,432,1,16,27,0,0
1127,3.839999914,1,0,0,16,12,34,1,0,1.345472336,192,1,16,12,0,0
1128,6.909999847,0,0,0,12,24,42,0,0,1.93296957,288,0,0,0,0,0
1129,5,0,1,0,9,3,18,0,0,1.609437943,27,0,0,0,1,9
1130,15,0,0,0,12,24,42,0,0,2.708050251,288,0,0,0,0,0
1131,5.75,1,0,0,12,22,40,0,0,1.749199867,264,1,12,22,0,0
1132,13.80000019,1,0,0,12,8,26,0,0,2.624668598,96,1,12,8,0,0
1133,16,1,0,0,12,22,40,1,0,2.77258873,264,1,12,22,0,0
1134,11.25,0,1,0,16,4,26,1,0,2.420368195,64,0,0,0,1,16
1135,19,0,0,0,12,21,39,0,0,2.944438934,252,0,0,0,0,0
1136,9.5,1,0,0,12,17,35,1,0,2.251291752,204,1,12,17,0,0
1137,5.75,1,0,0,12,22,40,0,0,1.749199867,264,1,12,22,0,0
1138,9.5,1,0,1,12,10,28,0,0,2.251291752,120,1,12,10,0,0
1139,14,0,0,0,12,19,37,0,0,2.639057398,228,0,0,0,0,0
1140,19.22999954,0,0,0,7,32,45,1,0,2.956471443,224,0,0,0,0,0
1141,17.5,1,0,0,12,5,23,1,0,2.862200975,60,1,12,5,0,0
1142,10,1,0,0,12,13,31,0,0,2.302585125,156,1,12,13,0,0
1143,5.5,1,0,0,12,23,41,0,0,1.704748034,276,1,12,23,0,0
1144,7,1,1,0,12,4,22,0,1,1.945910096,48,1,12,4,1,12
1145,8,0,0,0,12,5,23,0,0,2.079441547,60,0,0,0,0,0
1146,7,1,0,0,16,11,33,0,0,1.945910096,176,1,16,11,0,0
1147,8,0,0,0,12,3,21,1,0,2.079441547,36,0,0,0,0,0
1148,4.25,1,1,0,12,23,41,0,1,1.446918964,276,1,12,23,1,12
1149,13.75,0,0,0,16,17,39,1,0,2.621038914,272,0,0,0,0,0
1150,11,0,1,0,12,15,33,0,0,2.397895336,180,0,0,0,1,12
1151,4.5,1,1,0,12,27,45,0,1,1.504077435,324,1,12,27,1,12
1152,7.5,0,0,0,12,16,34,1,0,2.014903069,192,0,0,0,0,0
1153,31.46999931,0,0,0,12,20,38,1,0,3.449034691,240,0,0,0,0,0
1154,8,1,0,0,12,30,48,0,0,2.079441547,360,1,12,30,0,0
1155,38.75,1,0,0,16,7,29,1,0,3.657130718,112,1,16,7,0,0
1156,9.25,0,0,0,12,21,39,0,0,2.224623442,252,0,0,0,0,0
1157,14,0,0,0,10,23,39,0,0,2.639057398,230,0,0,0,0,0
1158,8,0,0,0,12,13,31,0,0,2.079441547,156,0,0,0,0,0
1159,11.05000019,1,0,0,14,31,51,1,0,2.402430534,434,1,14,31,0,0
1160,7,1,0,0,12,25,43,0,0,1.945910096,300,1,12,25,0,0
1161,4.5,1,0,0,12,3,21,0,0,1.504077435,36,1,12,3,0,0
1162,6.400000095,1,0,0,16,1,23,1,0,1.85629797,16,1,16,1,0,0
1163,14.5,0,0,0,12,17,35,0,0,2.67414856,204,0,0,0,0,0
1164,5,1,0,0,12,16,34,0,0,1.609437943,192,1,12,16,0,0
1165,7.25,1,0,0,12,2,20,0,0,1.981001496,24,1,12,2,0,0
1166,10,1,0,1,12,19,37,0,0,2.302585125,228,1,12,19,0,0
1167,2.119999886,1,0,0,10,25,41,0,0,0.751416028,250,1,10,25,0,0
1168,6.900000095,1,0,0,12,19,37,0,0,1.931521416,228,1,12,19,0,0
1169,13.5,1,0,0,20,3,29,0,0,2.602689743,60,1,20,3,0,0
1170,2.900000095,1,0,1,12,23,41,1,0,1.064710736,276,1,12,23,0,0
1171,7.650000095,1,0,0,12,13,31,0,0,2.034705639,156,1,12,13,0,0
1172,15,1,0,0,18,35,59,0,0,2.708050251,630,1,18,35,0,0
1173,20,0,0,0,16,4,26,0,0,2.995732307,64,0,0,0,0,0
1174,7.699999809,1,0,0,12,21,39,0,0,2.041220188,252,1,12,21,0,0
1175,11,0,0,0,12,15,33,0,0,2.397895336,180,0,0,0,0,0
1176,7,1,0,0,12,16,34,0,0,1.945910096,192,1,12,16,0,0
1177,9,0,0,1,12,12,30,0,0,2.197224617,144,0,0,0,0,0
1178,7.690000057,0,0,0,12,12,30,0,0,2.039920807,144,0,0,0,0,0
1179,13,1,0,0,14,12,32,0,0,2.564949274,168,1,14,12,0,0
1180,8.43999958,1,0,0,12,32,50,0,0,2.132982254,384,1,12,32,0,0
1181,16.15999985,1,0,1,16,17,39,1,0,2.782539129,272,1,16,17,0,0
1182,12,1,0,0,18,3,27,0,0,2.484906673,54,1,18,3,0,0
1183,8.149999619,1,1,0,12,39,57,0,1,2.098017931,468,1,12,39,1,12
1184,6.96999979,1,0,1,9,32,47,0,0,1.941615224,288,1,9,32,0,0
1185,15.84000015,1,0,0,16,8,30,0,0,2.762538433,128,1,16,8,0,0
1186,11.5,0,0,0,12,16,34,0,0,2.44234705,192,0,0,0,0,0
1187,16,1,1,0,16,14,36,0,1,2.77258873,224,1,16,14,1,16
1188,14.5,1,1,1,16,23,45,0,1,2.67414856,368,1,16,23,1,16
1189,7.5,0,1,0,14,11,31,0,0,2.014903069,154,0,0,0,1,14
1190,8.520000458,1,0,0,10,16,32,0,0,2.142416477,160,1,10,16,0,0
1191,16.82999992,0,0,0,18,7,31,1,0,2.823163033,126,0,0,0,0,0
1192,7.949999809,1,0,0,11,33,50,1,0,2.073171854,363,1,11,33,0,0
1193,6.429999828,1,0,0,12,35,53,1,0,1.86097455,420,1,12,35,0,0
1194,6,1,1,0,12,35,53,0,1,1.791759491,420,1,12,35,1,12
1195,6,1,1,0,16,5,27,0,1,1.791759491,80,1,16,5,1,16
1196,9.109999657,1,0,0,12,3,21,0,0,2.209372759,36,1,12,3,0,0
1197,5.75,1,0,0,12,11,29,1,0,1.749199867,132,1,12,11,0,0
1198,17.32999992,1,0,0,12,26,44,0,0,2.852439165,312,1,12,26,0,0
1199,4,1,0,0,12,35,53,0,0,1.386294365,420,1,12,35,0,0
1200,11,0,0,0,12,35,53,1,0,2.397895336,420,0,0,0,0,0
1201,8,0,1,0,12,24,42,0,0,2.079441547,288,0,0,0,1,12
1202,6,1,0,0,16,2,24,0,0,1.791759491,32,1,16,2,0,0
1203,9.239999771,0,0,0,16,21,43,1,0,2.223541975,336,0,0,0,0,0
1204,8.100000381,0,0,0,12,13,31,0,0,2.091864109,156,0,0,0,0,0
1205,6,1,1,0,12,3,21,0,1,1.791759491,36,1,12,3,1,12
1206,9,1,1,0,12,9,27,0,1,2.197224617,108,1,12,9,1,12
1207,6,1,1,0,12,3,21,0,1,1.791759491,36,1,12,3,1,12
1208,9,1,1,1,12,19,37,0,1,2.197224617,228,1,12,19,1,12
1209,13,0,0,0,11,19,36,0,0,2.564949274,209,0,0,0,0,0
1210,4.5,1,1,0,12,21,39,0,1,1.504077435,252,1,12,21,1,12
1211,12.5,1,0,0,18,6,30,1,0,2.525728703,108,1,18,6,0,0
1212,8.329999924,0,0,0,18,30,54,1,0,2.11986351,540,0,0,0,0,0
1213,10.10000038,1,0,0,14,13,33,1,0,2.312535524,182,1,14,13,0,0
1214,11,0,0,0,12,6,24,0,0,2.397895336,72,0,0,0,0,0
1215,9.609999657,0,0,0,16,31,53,1,0,2.26280427,496,0,0,0,0,0
1216,5,1,0,0,12,10,28,0,0,1.609437943,120,1,12,10,0,0
1217,5.75,1,0,0,10,2,18,0,0,1.749199867,20,1,10,2,0,0
1218,4.329999924,0,0,0,18,7,31,1,0,1.46556747,126,0,0,0,0,0
1219,18,0,1,1,16,17,39,0,0,2.890371799,272,0,0,0,1,16
1220,10,0,0,1,12,24,42,0,0,2.302585125,288,0,0,0,0,0
1221,19.22999954,0,0,0,16,34,56,1,0,2.956471443,544,0,0,0,0,0
1222,18,1,1,1,16,9,31,0,1,2.890371799,144,1,16,9,1,16
1223,19.25,1,1,0,12,15,33,1,1,2.957510948,180,1,12,15,1,12
1224,17.5,0,0,1,12,16,34,0,0,2.862200975,192,0,0,0,0,0
1225,5,0,0,0,12,1,19,0,0,1.609437943,12,0,0,0,0,0
1226,18.28000069,1,0,0,16,9,31,1,0,2.905807495,144,1,16,9,0,0
1227,5.099999905,1,0,0,12,34,52,0,0,1.629240513,408,1,12,34,0,0
1228,8,1,0,0,16,1,23,0,0,2.079441547,16,1,16,1,0,0
1229,15.31999969,0,0,0,12,24,42,0,0,2.729159117,288,0,0,0,0,0
1230,5.25,1,0,0,12,9,27,0,0,1.65822804,108,1,12,9,0,0
1231,11.32999992,0,0,1,12,17,35,1,0,2.427453995,204,0,0,0,0,0
1232,20.25,0,0,0,16,22,44,1,0,3.008154869,352,0,0,0,0,0
1233,15.90999985,1,0,1,18,19,43,1,0,2.766947746,342,1,18,19,0,0
1234,14,0,0,0,12,30,48,0,0,2.639057398,360,0,0,0,0,0
1235,12.30000019,0,0,0,20,5,31,1,0,2.509599209,100,0,0,0,0,0
1236,14,0,0,1,12,18,36,0,0,2.639057398,216,0,0,0,0,0
1237,25,1,0,0,18,35,59,1,0,3.218875885,630,1,18,35,0,0
1238,4.800000191,1,0,0,10,35,51,1,0,1.568615913,350,1,10,35,0,0
1239,4.25,1,0,0,7,35,48,1,0,1.446918964,245,1,7,35,0,0
1240,10,0,0,0,10,32,48,0,0,2.302585125,320,0,0,0,0,0
1241,5.199999809,1,0,0,12,4,22,0,0,1.648658633,48,1,12,4,0,0
1242,9,0,0,0,14,6,26,0,0,2.197224617,84,0,0,0,0,0
1243,5.25,0,0,0,11,1,18,0,0,1.65822804,11,0,0,0,0,0
1244,12,1,0,0,12,19,37,0,0,2.484906673,228,1,12,19,0,0
1245,15,0,0,1,12,15,33,0,0,2.708050251,180,0,0,0,0,0
1246,10.43999958,1,0,0,14,10,30,0,0,2.345644474,140,1,14,10,0,0
1247,7.5,1,0,0,14,31,51,0,0,2.014903069,434,1,14,31,0,0
1248,6,0,0,0,12,1,19,0,0,1.791759491,12,0,0,0,0,0
1249,7.559999943,1,0,0,14,6,26,0,0,2.022871256,84,1,14,6,0,0
1250,8,1,0,0,12,6,24,0,0,2.079441547,72,1,12,6,0,0
1251,15,0,0,0,14,28,48,1,0,2.708050251,392,0,0,0,0,0
1252,18,0,0,0,12,28,46,0,0,2.890371799,336,0,0,0,0,0
1253,4.25,1,0,0,12,0,18,0,0,1.446918964,0,1,12,0,0,0
1254,6,0,0,0,12,37,55,0,0,1.791759491,444,0,0,0,0,0
1255,22.21999931,0,0,0,12,20,38,1,0,3.10099268,240,0,0,0,0,0
1256,6,1,0,0,12,16,34,1,0,1.791759491,192,1,12,16,0,0
1257,1.669999957,0,0,0,16,10,32,1,0,0.512823582,160,0,0,0,0,0
1258,13.35000038,0,0,1,16,20,42,0,0,2.591516495,320,0,0,0,0,0
1259,10.5,0,0,0,12,12,30,0,0,2.351375341,144,0,0,0,0,0
1260,27.87999916,0,0,0,7,39,52,1,0,3.32790947,273,0,0,0,0,0
1261,5.25,1,0,0,12,5,23,0,0,1.65822804,60,1,12,5,0,0
1262,6.829999924,1,0,0,16,13,35,0,0,1.921324611,208,1,16,13,0,0
1263,14.75,0,1,0,12,23,41,0,0,2.691243172,276,0,0,0,1,12
1264,5,1,0,0,12,3,21,0,0,1.609437943,36,1,12,3,0,0
1265,4,1,0,0,12,14,32,0,0,1.386294365,168,1,12,14,0,0
1266,9.619999886,0,0,1,16,5,27,1,0,2.263844252,80,0,0,0,0,0
1267,12,0,0,0,12,10,28,0,0,2.484906673,120,0,0,0,0,0
1268,9,1,0,0,12,23,41,0,0,2.197224617,276,1,12,23,0,0
1269,5,1,1,0,10,38,54,0,1,1.609437943,380,1,10,38,1,10
1270,12.10000038,0,0,1,16,5,27,1,0,2.493205547,80,0,0,0,0,0
1271,12,0,0,0,12,23,41,1,0,2.484906673,276,0,0,0,0,0
1272,9.720000267,1,0,0,12,19,37,0,0,2.274185658,228,1,12,19,0,0
1273,12.97999954,0,0,0,12,45,63,1,0,2.563409567,540,0,0,0,0,0
1274,12.5,0,1,1,7,47,60,0,0,2.525728703,329,0,0,0,1,7
1275,10,0,1,1,12,18,36,0,0,2.302585125,216,0,0,0,1,12
1276,6.050000191,1,0,0,11,21,38,0,0,1.800058246,231,1,11,21,0,0
1277,10.85000038,1,1,0,12,27,45,0,1,2.384165049,324,1,12,27,1,12
1278,24.03000069,0,0,1,16,36,58,1,0,3.179303169,576,0,0,0,0,0
1279,15.81000042,1,0,0,12,12,30,0,0,2.760642767,144,1,12,12,0,0
1280,12.97999954,1,1,0,14,17,37,1,1,2.563409567,238,1,14,17,1,14
1281,2.130000114,1,0,0,12,10,28,0,0,0.756122053,120,1,12,10,0,0
1282,16.57999992,0,0,0,12,18,36,0,0,2.80819726,216,0,0,0,0,0
1283,21.45000076,0,0,0,16,27,49,1,0,3.065724611,432,0,0,0,0,0
1284,13.14000034,1,0,0,12,30,48,0,0,2.575660944,360,1,12,30,0,0
1285,1.669999957,1,0,0,10,45,61,1,0,0.512823582,450,1,10,45,0,0
1286,7,0,0,0,12,7,25,0,0,1.945910096,84,0,0,0,0,0
1287,14.89999962,0,0,0,16,9,31,1,0,2.701361179,144,0,0,0,0,0
1288,5.900000095,1,0,0,12,31,49,0,0,1.774952412,372,1,12,31,0,0
1289,10,0,0,1,12,20,38,1,0,2.302585125,240,0,0,0,0,0